,memento,batman begins,the prestige,the dark knight,inception,the dark knight rises,interstellar,dunkirk,reservoir dogs,pulp fiction,jackie brown,kill bill,inglourious basterds,django unchained,the hateful eight,once upon a time in hollywood,mean streets,taxi driver,raging bull,cape fear,goodfellas,casino,gangs of new york,the departed,shutter island,the wolf of wall street,jaws,close encounters of the third kind,et: the extra-terrestrial,jurassic park,schindler's list,saving private ryan,catch me if you can,the terminal,lincoln,ready player one,spartacus,2001: a space odyssey,a clockwork orange,full metal jacket,the shining,eyes wide shut,shaun of the dead,hot fuzz,scott pilgrim vs. the world,the world's end,baby driver,rear window,north by northwest,the birds,psycho,strangers on a train,vertigo,alien,blade runner,gladiator,black hawk down,the martian
0,1.0000000000000002,0.6723966001927384,0.6093680201260918,0.5361859136425878,0.7282441094759062,0.5446026962527569,0.6413098129255547,0.5342120733606893,0.5462982908109634,0.6475382451303758,0.5176259542187623,0.5399836862237058,0.6267044783650425,0.5703889195760685,0.54843024805955,0.5088059624947657,0.6993470126663297,0.4352557062103341,0.4986538764250501,0.6092020321607533,0.5615758745018898,0.6028127499170676,0.40618043460686853,0.654689212470553,0.51826691748868,0.49032047991079725,0.5612841572435997,0.5547077975239371,0.6375193373072068,0.5437188423275423,0.5430378869071464,0.5966504457816317,0.5428886830583736,0.6625492134253175,0.6135634914812543,0.628400705152661,0.577333306609871,0.580666985287528,0.5043603013899605,0.6085952195672877,0.6510487163140171,0.5561744331247478,0.6123945701971076,0.5334511173322506,0.5381074918559832,0.627830741275035,0.5271752749245872,0.5797319092577405,0.4362956203132521,0.530389053381172,0.6572279560182921,0.49160830933036065,0.635504141318771,0.6175104342085518,0.5893648209807455,0.5831630740107694,0.40419260953109926,0.692357907929371
1,0.0,0.9999999999999999,0.6069253203556148,0.7134890159577474,0.700626757317114,0.7085437985837352,0.6355522218092469,0.6367103021950893,0.5650044034456522,0.674035187192479,0.6686265651420308,0.6591511164201628,0.705879378768818,0.5687671099030072,0.6178416505087319,0.6069312410360745,0.7095389623593717,0.4876790389927992,0.6611512547390564,0.7257781529524433,0.5869597978541271,0.6208520317152711,0.5746229175681555,0.6620270055579465,0.567180642360289,0.5829118269246778,0.6820309720460145,0.6284689696450634,0.6202386815059595,0.5789561717313876,0.6275986744764251,0.5755986045138232,0.6119716171175931,0.6666307482448015,0.6875930471667032,0.6549424710911835,0.649352970649992,0.6071722894104036,0.5621566786346657,0.6580020954225596,0.7075000357018931,0.5865572721653293,0.6789611151847572,0.5873629228015562,0.62716972345682,0.7014122540103126,0.639282042282917,0.6223643358418373,0.45779544893272645,0.6754641767300991,0.7125295417074904,0.6318902509197019,0.6800984949233424,0.645319164345707,0.6370679755090363,0.6473774356856341,0.5453331489480479,0.7077444198269939
2,0.0,0.0,0.9999999999999998,0.6423039955485741,0.7676763085287897,0.6620714768193517,0.659342040681732,0.6109951465856849,0.5596789997040492,0.6566837260284023,0.5726434459233255,0.6716895970454159,0.5893490742394843,0.6068742593270209,0.6343604197321702,0.5936423063329468,0.6851217762080166,0.5013202296616681,0.6726017640624241,0.6678806904866644,0.6219326192419723,0.6871818028848609,0.48441279740637855,0.7186139335250286,0.6062358674202608,0.5760379552302507,0.5714282116408413,0.6602890552301108,0.593962273438225,0.6014688238288408,0.6369320244217073,0.7101163504882291,0.5507567514666764,0.6296125403653974,0.7128531324182834,0.6975863931300984,0.7669699748288956,0.5582321222377971,0.5040582022681928,0.5296206154637703,0.7609044991981223,0.6405174184070634,0.5945954896706217,0.5592331546040842,0.7202290837274683,0.6737056553498808,0.5517036329570293,0.5928700021722948,0.44504263756924933,0.585901980958817,0.7506082859419826,0.6025413513095835,0.719559114194666,0.6179337435521932,0.6412023850700651,0.6825664175494663,0.485023267451337,0.5897558919122331
3,0.0,0.0,0.0,1.0,0.6622797598978266,0.934739208229768,0.6116425386948715,0.7361450989770688,0.551243083051067,0.6732700106431511,0.6463864684911153,0.6664305691299739,0.6164029657887037,0.602935862280766,0.6617468069346123,0.5661877877384275,0.6612617361946036,0.5024984843355096,0.6491632353613599,0.6550955153125628,0.5415788264128165,0.5989232448287989,0.5855168883224288,0.6585500161211917,0.571289743667747,0.5302116176641506,0.5375496986033497,0.702833915295114,0.5441340676064348,0.6174299165021304,0.6061521303308942,0.5523676135707493,0.5063606576666754,0.5614900274184054,0.638477922975953,0.5621685760163277,0.6627668397727101,0.6177451494173646,0.6557763792926729,0.5978216902373118,0.736925291375079,0.6366848647960285,0.6467120516193277,0.5959408021136336,0.6440505536191665,0.6383347044294259,0.5999238171009946,0.5486444855449644,0.4885958135287938,0.6320782706502042,0.6843270219950485,0.5687679999422407,0.7122025655171743,0.5680349345181992,0.6023741668995536,0.6619908642715153,0.7059605955621389,0.58652290967005
4,0.0,0.0,0.0,0.0,1.0000000000000002,0.6869250178951999,0.8026625434042496,0.6762180481565346,0.5423368602782853,0.7635899062187217,0.6585143337734772,0.6907682078547612,0.6539593444335631,0.666049796153743,0.6876349105723683,0.7068254531113746,0.7276871005049794,0.543878930231881,0.6024370030902648,0.7315486918914197,0.5995384462241623,0.7416349774495545,0.4809628205749361,0.7477415274298639,0.6508338337595588,0.5592367943946442,0.6960189676467431,0.793630153511188,0.6831456361632096,0.6579801015436394,0.7117473614172781,0.663243576188616,0.7207859211273788,0.7051069135367625,0.7956407635391772,0.7759626628477821,0.7174617202179294,0.6660017701799811,0.5235759855043571,0.635812771041089,0.8167224695895858,0.7135765085106004,0.6478695252945866,0.6210775030059629,0.6919753391029924,0.8121074538642556,0.6357477260526916,0.7039630625834941,0.5300912256907772,0.6480229005372086,0.7838839973102956,0.5576437692207667,0.7531422914849567,0.7456106765408457,0.611302021723616,0.6433619782251558,0.5474392287812643,0.6972185164612499
5,0.0,0.0,0.0,0.0,0.0,1.0000000000000002,0.6569094984328062,0.7521079766911893,0.527790880682351,0.6864344840434733,0.6096276766406595,0.6931827010768835,0.6710188841917277,0.6112626864096706,0.6478953002308911,0.6138646867828157,0.708465122642461,0.5088801154760512,0.6777245971840088,0.6406395612179115,0.5654073455305049,0.6366240374161501,0.5784056539584714,0.6445210881508925,0.6153777446927547,0.5705400800620575,0.5459510720390531,0.7164763006811742,0.5958582438738683,0.5819263880916028,0.6408309434738569,0.5895623447482579,0.5253488034282174,0.581714783360236,0.66211708620721,0.5765102065700005,0.6762422717658363,0.579891002450549,0.6142613409832242,0.6073109411990358,0.7839510718003921,0.6873662348073527,0.6454838586352213,0.6106108111436429,0.6689419245684389,0.6878591921902698,0.5899969498348103,0.5679589756843059,0.48274823222823804,0.6385109275443912,0.6609033902159486,0.609576262128845,0.7011929781728291,0.5838317568928969,0.6361662297942392,0.6861211549820608,0.6824865269686061,0.6067265706281953
6,0.0,0.0,0.0,0.0,0.0,0.0,1.0000000000000004,0.7014282574550404,0.6065202643180115,0.7597455827118424,0.6022044146507032,0.7244145202533194,0.6957925909534983,0.605161305978387,0.6592451258809556,0.6363684180668243,0.7264716226143288,0.598457429177125,0.6456583553446614,0.7181092162620313,0.6025068145997847,0.666162349394767,0.5036447728086422,0.7277784917911346,0.6375749378399859,0.6455624978776592,0.6558572353929338,0.7970058087518999,0.7820134676299163,0.6612957354634712,0.7618510507050433,0.6520511476386119,0.6604122471887617,0.7874098060559467,0.8260222235122483,0.7255730330657384,0.7221790419276626,0.6340889318538044,0.5376211378538068,0.6610830562620431,0.7643603567707515,0.6982749581278719,0.6195182519940886,0.6598372389567125,0.7360673729933893,0.7824220180476359,0.6088133011584461,0.6829660629029108,0.5674363947718919,0.7301760832495788,0.6862256232787685,0.6081303405350099,0.7616839971008273,0.8195283107294393,0.654582323077021,0.7222435097291745,0.5479759425282612,0.7964356808822751
7,0.0,0.0,0.0,0.0,0.0,0.0,0.0,1.0000000000000002,0.6019039957084578,0.71124727808469,0.5609229290336349,0.6302116554669139,0.7166451902986698,0.6495511222113924,0.6304609861531025,0.5954838229800301,0.6152447588636091,0.569223583285629,0.5855054894253174,0.6683912079287249,0.586986841665249,0.5902583144188586,0.6053024524861789,0.6755332228153439,0.6613953063799543,0.49606219784946015,0.5920244107343425,0.678438725065047,0.5618456373838556,0.6147163129135036,0.7212302510532534,0.5983324870022606,0.532392214176235,0.6073141950299691,0.7556042476096454,0.5797483572385934,0.6536543073968657,0.555934984747699,0.5477051882207068,0.6499834211709098,0.7315398812154186,0.6151393128610215,0.5971886248141564,0.6741657086760979,0.5738269345908716,0.6695528418742835,0.5740417161871234,0.671624695547303,0.5234315583011273,0.6882058268923155,0.6718301156033522,0.5845947124627221,0.6885162572816043,0.5571660071842357,0.7200704546002934,0.6220383526968924,0.6463143616123496,0.6443440256392893
8,0.0,0.0,0.0,0.0,0.0,0.0,0.0,0.0,0.9999999999999999,0.5099622372630197,0.5050347111621952,0.5197089344457211,0.6519458023688979,0.5226816002276061,0.49303918307971933,0.4202229290797624,0.6156436995127684,0.5414287343698968,0.6924387956850615,0.599629588165068,0.53555771133826,0.5431069099929079,0.5001578732212568,0.5968325185590766,0.5520980403170638,0.525666351640382,0.5551674632230995,0.5480765919605952,0.5837068061747235,0.6112566673471355,0.5584211193171286,0.6193438368821418,0.5105007269476206,0.5956601016739297,0.6393756993951325,0.5414754596183781,0.521519404676037,0.5479264938448225,0.40843435165093833,0.539726445386086,0.5637618595349998,0.6166897250320925,0.627302638745274,0.5488906878117636,0.5423783577665298,0.5870718154801882,0.61890596998447,0.6226796281110925,0.5114562760134989,0.6372821116337611,0.6297563476367721,0.5596792985514271,0.666659801942172,0.5368014969014901,0.5248284080644414,0.5497896415164912,0.4725695082108345,0.5878270937264842
9,0.0,0.0,0.0,0.0,0.0,0.0,0.0,0.0,0.0,1.0000000000000002,0.6372785528432283,0.7385094611078001,0.6508081345713002,0.6472160371561058,0.6697473577518775,0.6626061943692401,0.6469826222721767,0.5171354636794171,0.6454860548222524,0.7612770074977191,0.646016941641956,0.6229176339710611,0.4989615421749414,0.7386709546129739,0.6602136967460125,0.6393175535273206,0.6647632151353171,0.7251670338583641,0.6239977946358851,0.6447508956710429,0.7215170327348313,0.5038450173406372,0.6411326539966791,0.6883758993110752,0.7484871160281136,0.6230175339634275,0.7582637265675767,0.5398746660761582,0.535598634225192,0.7297451493818962,0.7575028480406861,0.6165919973200098,0.6449728328370352,0.7083997738793225,0.7585586788986255,0.6895702903081145,0.5589590443176277,0.5271918732113432,0.5306022507326076,0.6733098968048189,0.7930382356019361,0.5588915312968467,0.7039833055156537,0.6754306597979073,0.6018838326484285,0.6156487953491687,0.550071565166709,0.7260462781913395
10,0.0,0.0,0.0,0.0,0.0,0.0,0.0,0.0,0.0,0.0,1.0000000000000002,0.6713792199409652,0.5794440077432317,0.611984880325646,0.5686698987694596,0.6087063349714835,0.6315591656044974,0.5104139177615967,0.6256158090583254,0.6436000815210725,0.5730040612245999,0.6855986028803165,0.5712001034424665,0.5656167503358316,0.5171269414136318,0.5748613600331044,0.704136977358537,0.7082620549209258,0.5717732745502284,0.6143041068277224,0.5745799807540664,0.6059622486002794,0.684040584719869,0.621383622649153,0.7014373055091018,0.623081043586747,0.6158994419827747,0.5633702675583276,0.6475279228640106,0.6205300998005515,0.6468122519957054,0.6005746546710682,0.5429540782953394,0.6255541108587817,0.6640111249650572,0.6640669995702924,0.6494749173219508,0.6602928133112761,0.4791665107012727,0.6559094691927042,0.6813911663126406,0.5519555230433545,0.6637713517095902,0.6262553697709372,0.6308704050900696,0.6000516968632607,0.6948176648376191,0.6237368773571231
11,0.0,0.0,0.0,0.0,0.0,0.0,0.0,0.0,0.0,0.0,0.0,0.9999999999999999,0.6523817987432682,0.5638609797642749,0.5720577010164192,0.6886448644119001,0.6663711121619335,0.5663665065705147,0.7040235206643698,0.6863533281904376,0.5644123048354006,0.6463558697591475,0.5012748402921543,0.6721947246886012,0.5735935287035034,0.6675900270391522,0.6065286609859311,0.7459569956164832,0.580530031561971,0.6221432112771542,0.6610818619826044,0.6112587144910119,0.6598084380321094,0.6770239691366855,0.7243368905377144,0.6350262581005093,0.6721744431074389,0.5509121982944648,0.5212540323466682,0.6185945645669229,0.6868479356667867,0.6061281052907452,0.622631198869735,0.5470729976484586,0.7436410268476717,0.6997086686603702,0.6264734881880283,0.5913161364219244,0.4202335726489255,0.6860278260208468,0.7106623968353128,0.6037148015752064,0.7138868477708554,0.6892685839168861,0.6120951252596449,0.5923635546811937,0.5822135790744319,0.6840613120572897
12,0.0,0.0,0.0,0.0,0.0,0.0,0.0,0.0,0.0,0.0,0.0,0.0,1.0,0.6380862265194809,0.5719137416206047,0.5514025036683655,0.6862247624683036,0.5363782370707302,0.6955484471550685,0.5938605923488841,0.6497001803172445,0.5895314309361348,0.5390969512938221,0.6177100299612904,0.5728365792493066,0.59183383479282,0.6679158136405047,0.6615632097158016,0.7109900140602161,0.6195933336675664,0.7514469455892743,0.5801390959112358,0.5124353223079681,0.6154409593164694,0.6970922867074109,0.578520183999504,0.6748372130257672,0.5231377853472793,0.42613672981829104,0.654970857737852,0.6636693584292314,0.5864755561099892,0.6269629920815973,0.6302958733561609,0.5907813811305744,0.6845816475507401,0.5867333207117499,0.6446856081258414,0.48519705681738773,0.7067748777131206,0.606046654715746,0.5825807113732789,0.6264039740010936,0.5884436582636631,0.651909012554218,0.6494426885620437,0.5251921032472735,0.6765621413656054
13,0.0,0.0,0.0,0.0,0.0,0.0,0.0,0.0,0.0,0.0,0.0,0.0,0.0,1.0,0.541762166097555,0.5565403455772888,0.6181630807999867,0.5541249941760787,0.6557703235629789,0.5892564581052901,0.6260539664605961,0.6271101452099284,0.5504463649376229,0.5771105858844361,0.5932708261224493,0.4347562503235955,0.6334387756428818,0.5766284126864731,0.5140052480715613,0.636133099198771,0.630759460463556,0.5224386105229493,0.5755349474059703,0.5355039879915959,0.6611003510888999,0.6087382064024351,0.7169536085786202,0.5156871998531974,0.4954188294549141,0.6154293381149658,0.6843687242427149,0.5559747766931277,0.6086262030681018,0.5898590281320656,0.5666351514767937,0.5955433764140299,0.5705377714991391,0.5967320341645593,0.4356909773089258,0.617962289870834,0.6357392980520284,0.558424462007863,0.6467330961211079,0.5551099587019068,0.7236452314762369,0.643658435580265,0.5307888605984267,0.6019994209563871
14,0.0,0.0,0.0,0.0,0.0,0.0,0.0,0.0,0.0,0.0,0.0,0.0,0.0,0.0,1.0,0.6260726290174077,0.6933044678509223,0.5121630603360022,0.5983858328327785,0.6386207132221771,0.6006764334993178,0.6352395369253125,0.5209012303776349,0.6999186546111894,0.595341313821573,0.5750849948234648,0.6286290037693653,0.6642397949303711,0.6153087637559169,0.5326054532285747,0.6726327127182682,0.5628558751819736,0.6271217467310937,0.612324653472783,0.6754320434585097,0.6697267292327512,0.6316387626472116,0.46784722426504904,0.592370698688486,0.6306280620052037,0.7138224733257325,0.7030215859005676,0.656301699893953,0.6909563655190578,0.6174333208554464,0.6332640271389416,0.5247673292189533,0.5468238883750685,0.508478888075298,0.5842969686735565,0.6500625390814194,0.5185538223151356,0.7127866341589449,0.6142487152092896,0.5755875053536831,0.6483761969598485,0.6270141715271202,0.6092758799248842
15,0.0,0.0,0.0,0.0,0.0,0.0,0.0,0.0,0.0,0.0,0.0,0.0,0.0,0.0,0.0,1.0000000000000002,0.6174160498393778,0.5100802971819713,0.5606305044060623,0.5781696206631569,0.5353670237934685,0.668320598557156,0.5465671486780289,0.6547781599180519,0.5550225919386157,0.5288604796029132,0.6395450965837977,0.7399119312534014,0.6029953206016411,0.5401203978426988,0.6177298400438149,0.5288491038020862,0.6145603708293811,0.6360210163952965,0.6965211337310906,0.6434568250042623,0.637593967453529,0.5022594860967461,0.6053446025845866,0.5534920447894932,0.681619745373836,0.6046077878392226,0.6481038106100561,0.5521454838642439,0.6531793282822441,0.7074050963576929,0.5882172982083104,0.5972405428077496,0.4258791125417888,0.5631186934358512,0.6544677441692907,0.6236643616878231,0.6165400812519949,0.6597459623021213,0.5116084695458967,0.49578025784835367,0.5333973646483937,0.5477428424282532
16,0.0,0.0,0.0,0.0,0.0,0.0,0.0,0.0,0.0,0.0,0.0,0.0,0.0,0.0,0.0,0.0,1.0000000000000002,0.5929746790834389,0.6453785043879506,0.6860592757586428,0.6222289818635458,0.7135648011183287,0.5939997619844141,0.7115558473243645,0.6292825901943347,0.6770514799238452,0.6544155927732525,0.7074659088927107,0.7091689491091313,0.6295672293931754,0.7008874459476329,0.6995265934017199,0.6908094136099914,0.7390379086303241,0.7269494334623102,0.7426766983443005,0.6886130667230859,0.60524144829381,0.5744989758641167,0.6432989411735532,0.7406203208183075,0.772947704654878,0.6909220881398761,0.6617056308249226,0.6755079266137485,0.7364384370936418,0.6052783858443137,0.6395596964359137,0.5117047752187144,0.6501123399746578,0.737050802789081,0.6933963497313206,0.7031132219273764,0.6950411230634108,0.6346397886170556,0.642771806061225,0.556178813042833,0.7018234095371255
17,0.0,0.0,0.0,0.0,0.0,0.0,0.0,0.0,0.0,0.0,0.0,0.0,0.0,0.0,0.0,0.0,0.0,1.0000000000000002,0.5054827630818508,0.5238254873859705,0.48156954992264905,0.6031140017923886,0.38088767451160327,0.6066513684386954,0.5488238662704373,0.3863893918595691,0.5299833915880556,0.5991291725003235,0.4933425921396732,0.4865572207976292,0.5686500140434891,0.549366437673553,0.538374689798898,0.6390467582271486,0.6432194916221609,0.5884135712493705,0.5754834786327749,0.5077566820726583,0.35169649122867297,0.42126671061876325,0.5222183565732582,0.5299496745542212,0.5358439633265581,0.5651131265611863,0.4124168751806377,0.5112405065684398,0.8141675123951205,0.6364159736685284,0.3007972942187997,0.56476136888395,0.5120221322114811,0.53780481586788,0.6574725584500871,0.6131143470778875,0.5992048461346706,0.5885397410430957,0.4555073564462323,0.5872508102395231
18,0.0,0.0,0.0,0.0,0.0,0.0,0.0,0.0,0.0,0.0,0.0,0.0,0.0,0.0,0.0,0.0,0.0,0.0,1.0,0.6777214801379087,0.6411868558099469,0.6987074450265084,0.6133807160283669,0.617555777283653,0.6075218581014254,0.6819348246459154,0.6681595965007234,0.6456902027292382,0.5648919698400188,0.6578392913284105,0.6208735420389533,0.5570646681830593,0.5569014384560086,0.6091363617120262,0.6792167293333821,0.6238670928986352,0.7258145246325807,0.5071378765648381,0.452650718252394,0.6689213346807547,0.6990685573340308,0.589516064673264,0.624827631010085,0.5681313507903534,0.7200014965023528,0.6416753094145295,0.583286851153104,0.5784625129857195,0.5300252832883156,0.7074725845889075,0.6899187439653282,0.6643239164038806,0.6592851706956877,0.5966691208915276,0.6354500562790166,0.6888607248902627,0.6143463938592163,0.6025921619003767
19,0.0,0.0,0.0,0.0,0.0,0.0,0.0,0.0,0.0,0.0,0.0,0.0,0.0,0.0,0.0,0.0,0.0,0.0,0.0,1.0,0.6806322647916532,0.7008214670845048,0.5647109086631507,0.7719253208626793,0.6468187401318354,0.64048471060851,0.6923837583896125,0.6728433699404611,0.6060011601991633,0.6874981380727595,0.6117571972874233,0.5804708657967065,0.7257436397044237,0.6685931992562757,0.7153072267110351,0.6750256977043246,0.7396345604813359,0.5914719522796412,0.545140174136968,0.694112423240048,0.7092159001641896,0.6026292046486258,0.6827185458750283,0.6408704280354537,0.67159503121127,0.6925071199167441,0.6027445015989952,0.604608020960482,0.5456842209453464,0.7035278698514296,0.7865048698717515,0.6101799498921795,0.736114373376532,0.6864491282149787,0.6526818640350635,0.6326468039231985,0.5952610636507026,0.706058350154953
20,0.0,0.0,0.0,0.0,0.0,0.0,0.0,0.0,0.0,0.0,0.0,0.0,0.0,0.0,0.0,0.0,0.0,0.0,0.0,0.0,1.0000000000000004,0.6706102982289378,0.6027149106423209,0.6145312443707418,0.5763313879115778,0.5974613748009596,0.6469941102023121,0.5701345481209197,0.558418525256497,0.5898531706290808,0.5946663264119789,0.5132537926047898,0.6008156167291812,0.5339149618650433,0.6335895105938568,0.5998517867966682,0.6678606092776458,0.41245773348045534,0.6065448982632589,0.6718750268303836,0.62861728205587,0.5235447416456875,0.5860258345936855,0.6221201455068188,0.5355488788591094,0.6036463299118008,0.5193050421224237,0.5308541334882122,0.3501816145215985,0.5870995867023847,0.6578014574123583,0.5298013417671348,0.641274965684853,0.5244516591689024,0.5371878992903093,0.7523570466713053,0.5300299647244675,0.5827029140727732
21,0.0,0.0,0.0,0.0,0.0,0.0,0.0,0.0,0.0,0.0,0.0,0.0,0.0,0.0,0.0,0.0,0.0,0.0,0.0,0.0,0.0,1.0000000000000002,0.5481901627787396,0.6161873114202282,0.6406972985059948,0.5953366803469132,0.7198406411045434,0.7147024078393002,0.5799134876682791,0.6631455282813612,0.6699278696119111,0.6506764034297979,0.6965102800694757,0.6352288264219043,0.7385087394389839,0.701024173921599,0.7619225572768057,0.5882511952769189,0.5715502218061206,0.5706876730506799,0.7485107112865728,0.681955260174847,0.6710493553095677,0.6310821314951606,0.5994599382585372,0.7144612235528266,0.6443953655898587,0.6618936022614268,0.38883674338365753,0.6108823304599629,0.7213274288152042,0.5870961710493611,0.7028704576268534,0.6944146243301841,0.6130242613903851,0.7076295611031274,0.6208355251831622,0.6274276933847581
22,0.0,0.0,0.0,0.0,0.0,0.0,0.0,0.0,0.0,0.0,0.0,0.0,0.0,0.0,0.0,0.0,0.0,0.0,0.0,0.0,0.0,0.0,1.0,0.5082762592485367,0.48657453397468486,0.4885513252091306,0.5468862080674188,0.49595619952168735,0.4705852792553181,0.5548677069826028,0.5405178126352829,0.574264683434778,0.5456719204552576,0.5349553781863711,0.5754940056122023,0.5791716965796097,0.5699307351538478,0.5489227801879721,0.5723575146313059,0.5272391866549653,0.5479827142555042,0.44428547076693836,0.534946942049339,0.49664861312329456,0.5448423181743584,0.5582733614256584,0.4388087462838736,0.4780503549398514,0.5401820839293159,0.5205011439571771,0.6234491599360856,0.5906979474313085,0.5159736517606919,0.5191921201467873,0.5463535752622666,0.5578179132344759,0.5833392518008282,0.47032604819290186
23,0.0,0.0,0.0,0.0,0.0,0.0,0.0,0.0,0.0,0.0,0.0,0.0,0.0,0.0,0.0,0.0,0.0,0.0,0.0,0.0,0.0,0.0,0.0,1.0000000000000002,0.6186226675724323,0.5785532070072007,0.6056133182917276,0.6796702391503106,0.6851604014279105,0.6442868338157791,0.6853888855413233,0.6317510444904593,0.635547087956584,0.7392049348273951,0.6740005638863319,0.756965455091998,0.7362340950828493,0.5892810727174242,0.47443262779240974,0.6171385767608306,0.6980951215342269,0.5975953366205474,0.7809980225519422,0.569586321567167,0.6936261911803271,0.7413588959015429,0.650710459686334,0.5877145059122746,0.5064187888259384,0.6798218837697239,0.7573112407111787,0.6089832411466987,0.6856233764582517,0.6571070521025737,0.6355147157303437,0.6661665402936957,0.5547685997414802,0.7048617456282049
24,0.0,0.0,0.0,0.0,0.0,0.0,0.0,0.0,0.0,0.0,0.0,0.0,0.0,0.0,0.0,0.0,0.0,0.0,0.0,0.0,0.0,0.0,0.0,0.0,1.0,0.5833141190827431,0.6649760580456531,0.6229023727442632,0.4920613392684889,0.5885241624761295,0.7217764384416802,0.5794285507935133,0.5682114610181884,0.6568131395281452,0.6936038173459319,0.5563384653874343,0.6051419125008188,0.4473138306372,0.4522285807040368,0.6044852294971936,0.7281464767931963,0.6897728532942212,0.5919363674533781,0.5862586423541464,0.5891760755654755,0.598789426270951,0.5536259071334317,0.5577797851103657,0.4776904374645173,0.6671846959584502,0.6293354752940028,0.5551522363184513,0.6514225174573605,0.6054858809180786,0.573403812012189,0.597884096941594,0.5543697167718707,0.597151591114033
25,0.0,0.0,0.0,0.0,0.0,0.0,0.0,0.0,0.0,0.0,0.0,0.0,0.0,0.0,0.0,0.0,0.0,0.0,0.0,0.0,0.0,0.0,0.0,0.0,0.0,1.0000000000000002,0.6902428547243452,0.5952292568404924,0.5518182568348046,0.5604275314346204,0.6263708835271574,0.4863095047965294,0.51155831258986,0.568674703168254,0.6443952166793733,0.5134435157415072,0.6135803008097799,0.41776774719763177,0.4688733794374016,0.6644675373440295,0.6122264027113857,0.6430441937374158,0.5469850517535088,0.544750256060733,0.7419516294299532,0.6858352617128399,0.4321999131439868,0.5584511496824631,0.4635472667632207,0.5800254532181442,0.6473944979990637,0.5339746012936725,0.5774615531574268,0.5948116085135328,0.4485690114344802,0.5845111266042614,0.564221410017007,0.5624699855729577
26,0.0,0.0,0.0,0.0,0.0,0.0,0.0,0.0,0.0,0.0,0.0,0.0,0.0,0.0,0.0,0.0,0.0,0.0,0.0,0.0,0.0,0.0,0.0,0.0,0.0,0.0,1.0,0.6350374622540751,0.6549621047872736,0.6888516493667912,0.6611141540397651,0.5606125342750173,0.6877004575767153,0.6553672215080739,0.6959996748226338,0.624854974818719,0.6774696815653822,0.4702020563600146,0.523275652513198,0.707897997859757,0.6754339668744782,0.6284823517116798,0.6548739737806183,0.6010677688091318,0.618157783374089,0.7195917335024397,0.5545305755106156,0.6197194210543405,0.4587447564032639,0.6259820385889501,0.6492149818397083,0.5710795200539756,0.6702246108063722,0.6573454416911535,0.5768373021582639,0.6217680428042001,0.6107626844059613,0.6965371530960828
27,0.0,0.0,0.0,0.0,0.0,0.0,0.0,0.0,0.0,0.0,0.0,0.0,0.0,0.0,0.0,0.0,0.0,0.0,0.0,0.0,0.0,0.0,0.0,0.0,0.0,0.0,0.0,0.9999999999999999,0.6941384473457243,0.6513812081173367,0.7280229775392134,0.5843638910123478,0.6703466150492241,0.7150952642499481,0.8216400830165662,0.6767567907719914,0.6851851251605108,0.6074675579625594,0.5820417274524595,0.5685206355461337,0.7587990406055265,0.6797488623993676,0.6028441876691747,0.6434957568337482,0.7510236321684353,0.7873267611297037,0.6301811394504411,0.6536709233687111,0.5535369362577448,0.7119931223572185,0.7092620939981388,0.6286470146001748,0.71539614805991,0.7016504028930456,0.5869641868192749,0.6219253557641081,0.6147694899133224,0.6782602705918102
28,0.0,0.0,0.0,0.0,0.0,0.0,0.0,0.0,0.0,0.0,0.0,0.0,0.0,0.0,0.0,0.0,0.0,0.0,0.0,0.0,0.0,0.0,0.0,0.0,0.0,0.0,0.0,0.0,0.9999999999999999,0.5841546761574824,0.6290128365387827,0.5480384211768073,0.5665251619416957,0.7059123073218333,0.637647559014628,0.6001001848135809,0.6615823472965614,0.5627041062833759,0.5169440762282708,0.5877142027158287,0.6033022883454627,0.579943331617268,0.6156374964744381,0.5667098641260294,0.6244672445002709,0.7195381333237711,0.5670062062646998,0.5497374259532419,0.47532653820912113,0.6003302648566966,0.5571996034265626,0.5893834435654354,0.6694302319358657,0.6856692974148854,0.5458123605254063,0.6152522463342746,0.4852628650367079,0.7186666796084076
29,0.0,0.0,0.0,0.0,0.0,0.0,0.0,0.0,0.0,0.0,0.0,0.0,0.0,0.0,0.0,0.0,0.0,0.0,0.0,0.0,0.0,0.0,0.0,0.0,0.0,0.0,0.0,0.0,0.0,1.0000000000000002,0.640990937156808,0.5993175850951401,0.5728883568288397,0.6015294701594294,0.6379295299309878,0.6146095040791156,0.7397758124517907,0.6367727717105444,0.47768351301727724,0.6166736058108151,0.6043787691132,0.5396828563621947,0.6561722565566118,0.5645072190729031,0.6477926389665971,0.6743049307446253,0.5445452504762051,0.5353126633790474,0.4448140721567456,0.6585812583152041,0.7014184122218609,0.6026137513648232,0.678953079567134,0.6444658269907159,0.571279907327942,0.6120080059984,0.5271156068250679,0.6756977829952638
30,0.0,0.0,0.0,0.0,0.0,0.0,0.0,0.0,0.0,0.0,0.0,0.0,0.0,0.0,0.0,0.0,0.0,0.0,0.0,0.0,0.0,0.0,0.0,0.0,0.0,0.0,0.0,0.0,0.0,0.0,1.0000000000000002,0.5572113595167065,0.5823936420078151,0.6809334831288126,0.7904121304005151,0.6607859816974538,0.7261133338341809,0.6020761709788315,0.4626565635231378,0.6679135723830826,0.7552281709836335,0.653682832977016,0.6112518380960629,0.6379199595023614,0.6763143325804453,0.7822410495421042,0.5695735530007708,0.6281027526200558,0.49678648723802077,0.7073825059368247,0.6967449544008241,0.6017428109890817,0.6262365776370576,0.6444895942679263,0.6399787630292895,0.6625192929767127,0.5386505834271551,0.6800698207058583
31,0.0,0.0,0.0,0.0,0.0,0.0,0.0,0.0,0.0,0.0,0.0,0.0,0.0,0.0,0.0,0.0,0.0,0.0,0.0,0.0,0.0,0.0,0.0,0.0,0.0,0.0,0.0,0.0,0.0,0.0,0.0,0.9999999999999999,0.6583202880572316,0.5993169388544848,0.7045724830242591,0.7258438563040096,0.642700070178331,0.565487497898905,0.4756047153441366,0.45499444194598954,0.6964089206999805,0.6562335467927227,0.6038808288297348,0.5604923225444772,0.6053771151797144,0.6007942314298017,0.6223693731223938,0.6910718815392882,0.42309799434819867,0.6015479433237796,0.6617480130540601,0.6105256698598783,0.6695761166491891,0.6669414016422321,0.6876777916900235,0.626006556601522,0.4861322920540911,0.6242396150423146
32,0.0,0.0,0.0,0.0,0.0,0.0,0.0,0.0,0.0,0.0,0.0,0.0,0.0,0.0,0.0,0.0,0.0,0.0,0.0,0.0,0.0,0.0,0.0,0.0,0.0,0.0,0.0,0.0,0.0,0.0,0.0,0.0,0.9999999999999999,0.6341686881245213,0.6641595894785007,0.7372215780124054,0.5850600018414944,0.48203878073339984,0.5094213440832387,0.6409157196867169,0.6705966589913295,0.6519140250702324,0.625530267121802,0.6292959550786396,0.6161189521157868,0.6628841016643777,0.6408648927577562,0.6177402347690412,0.4676686344719185,0.6245764986974397,0.6793079222626623,0.6357585887430052,0.6903441314025625,0.7001536311618688,0.6257021068774289,0.5456849322638445,0.5747672222564602,0.6784819943196033
33,0.0,0.0,0.0,0.0,0.0,0.0,0.0,0.0,0.0,0.0,0.0,0.0,0.0,0.0,0.0,0.0,0.0,0.0,0.0,0.0,0.0,0.0,0.0,0.0,0.0,0.0,0.0,0.0,0.0,0.0,0.0,0.0,0.0,1.0,0.7664900163039189,0.702166513798098,0.627234346153836,0.5706992057039086,0.4948100180002027,0.6435706407582557,0.6771460432007591,0.6315323023802334,0.5920229831477101,0.5811978862282252,0.635978654512852,0.6916376942130829,0.5879151803438343,0.6324295902729199,0.5809017923776003,0.6648640898623991,0.6662625539000552,0.66054171726052,0.7309589129029912,0.7160916380996655,0.6185774612409016,0.6407220351245169,0.4964621117036053,0.7716418802024136
34,0.0,0.0,0.0,0.0,0.0,0.0,0.0,0.0,0.0,0.0,0.0,0.0,0.0,0.0,0.0,0.0,0.0,0.0,0.0,0.0,0.0,0.0,0.0,0.0,0.0,0.0,0.0,0.0,0.0,0.0,0.0,0.0,0.0,0.0,1.0,0.749396874967632,0.7217356089596066,0.5960925503400222,0.5637339148711946,0.6548079837088805,0.8123299424781666,0.7145638378168818,0.6221323681563495,0.661163040329205,0.6925478948837838,0.7655291095588193,0.6579320255715045,0.7706370035813468,0.6033905108168237,0.7523591803160313,0.739054149156503,0.6155190115989116,0.7229897479265661,0.7163162380963658,0.7109704576660748,0.7031094988837413,0.5945824054477503,0.7299847992288058
35,0.0,0.0,0.0,0.0,0.0,0.0,0.0,0.0,0.0,0.0,0.0,0.0,0.0,0.0,0.0,0.0,0.0,0.0,0.0,0.0,0.0,0.0,0.0,0.0,0.0,0.0,0.0,0.0,0.0,0.0,0.0,0.0,0.0,0.0,0.0,0.9999999999999999,0.7105795880411245,0.6233583279653157,0.48739379624101214,0.5833731676414222,0.6916802770329344,0.6738191750434588,0.6842701328296227,0.5978730871195556,0.6429965583618698,0.7572831833341833,0.6811997566933804,0.7276644164137969,0.5574497450457384,0.6521273134513507,0.7141705455137884,0.5536858518168031,0.6252932952532487,0.7595350350247119,0.6911915043634509,0.6817667740085547,0.5851213127633981,0.6664590512131338
36,0.0,0.0,0.0,0.0,0.0,0.0,0.0,0.0,0.0,0.0,0.0,0.0,0.0,0.0,0.0,0.0,0.0,0.0,0.0,0.0,0.0,0.0,0.0,0.0,0.0,0.0,0.0,0.0,0.0,0.0,0.0,0.0,0.0,0.0,0.0,0.0,1.0,0.5949203675888064,0.5124427702861608,0.6604242538701696,0.7205216042304922,0.6038681703566404,0.7321345709505249,0.6323144792107881,0.7387781994723189,0.7237912382113724,0.6149851470047729,0.6183224358631153,0.45644521099539476,0.6374811496472041,0.765436138449571,0.6183479222474808,0.7245747973043991,0.6934468731423212,0.6965475311919456,0.7479337115369378,0.5951972778356807,0.7060405246221192
37,0.0,0.0,0.0,0.0,0.0,0.0,0.0,0.0,0.0,0.0,0.0,0.0,0.0,0.0,0.0,0.0,0.0,0.0,0.0,0.0,0.0,0.0,0.0,0.0,0.0,0.0,0.0,0.0,0.0,0.0,0.0,0.0,0.0,0.0,0.0,0.0,0.0,0.9999999999999996,0.46552777360256614,0.45600427387811737,0.6350685188174567,0.5647566849957204,0.5548720959484508,0.485198858101324,0.5150934998337073,0.6755301201676638,0.5791250675331164,0.5901326006900245,0.38470468266953595,0.5149514164154475,0.6857749079369122,0.5088536780914241,0.5941009777519073,0.622000822074952,0.5896657322104255,0.5608039665197453,0.5026484878744252,0.5449185340677488
38,0.0,0.0,0.0,0.0,0.0,0.0,0.0,0.0,0.0,0.0,0.0,0.0,0.0,0.0,0.0,0.0,0.0,0.0,0.0,0.0,0.0,0.0,0.0,0.0,0.0,0.0,0.0,0.0,0.0,0.0,0.0,0.0,0.0,0.0,0.0,0.0,0.0,0.0,0.9999999999999999,0.4998672643006864,0.5395365448419674,0.44767609020973526,0.47704786033882596,0.5072429787154357,0.4880113180773789,0.5070202043228698,0.4383978444575155,0.5139567015602011,0.3838516180406529,0.49884096137586115,0.5845929976482162,0.5022114225515081,0.6108294319253356,0.539616083168391,0.5593563734944231,0.5711165281362288,0.5889517077679117,0.48845611676273964
39,0.0,0.0,0.0,0.0,0.0,0.0,0.0,0.0,0.0,0.0,0.0,0.0,0.0,0.0,0.0,0.0,0.0,0.0,0.0,0.0,0.0,0.0,0.0,0.0,0.0,0.0,0.0,0.0,0.0,0.0,0.0,0.0,0.0,0.0,0.0,0.0,0.0,0.0,0.0,1.0000000000000002,0.6293618668675383,0.5914145360776172,0.6231191039759699,0.6921593164297073,0.6388920763184445,0.6381767864880941,0.4837304159093523,0.5567399031027694,0.4950802848589779,0.6019468568654629,0.6514262515304353,0.5337455863265191,0.6388101494472239,0.5756009547775363,0.6245557009321928,0.5982749698825884,0.6186446726422565,0.6708625527899512
40,0.0,0.0,0.0,0.0,0.0,0.0,0.0,0.0,0.0,0.0,0.0,0.0,0.0,0.0,0.0,0.0,0.0,0.0,0.0,0.0,0.0,0.0,0.0,0.0,0.0,0.0,0.0,0.0,0.0,0.0,0.0,0.0,0.0,0.0,0.0,0.0,0.0,0.0,0.0,0.0,1.0000000000000002,0.8114201934625294,0.6661580497724878,0.6753276963915484,0.6960219191232998,0.7650960337216328,0.5900822658003028,0.6765630527218222,0.5325185165177436,0.6836569698668745,0.7944444987042788,0.6836281564989792,0.714901661644019,0.7183134686989,0.6765674635835255,0.6807743497040906,0.5771863194399858,0.6816669847314718
41,0.0,0.0,0.0,0.0,0.0,0.0,0.0,0.0,0.0,0.0,0.0,0.0,0.0,0.0,0.0,0.0,0.0,0.0,0.0,0.0,0.0,0.0,0.0,0.0,0.0,0.0,0.0,0.0,0.0,0.0,0.0,0.0,0.0,0.0,0.0,0.0,0.0,0.0,0.0,0.0,0.0,1.0,0.653790889107157,0.7047919063534104,0.6401175818800965,0.7050238756283197,0.6277423913563577,0.7025667895830238,0.5351880348294492,0.5861241916980012,0.6841495159512989,0.5769806537661886,0.6811443480458599,0.6817884748935388,0.5556862792954694,0.5709423043152854,0.6706698797934079,0.5920799471454659
42,0.0,0.0,0.0,0.0,0.0,0.0,0.0,0.0,0.0,0.0,0.0,0.0,0.0,0.0,0.0,0.0,0.0,0.0,0.0,0.0,0.0,0.0,0.0,0.0,0.0,0.0,0.0,0.0,0.0,0.0,0.0,0.0,0.0,0.0,0.0,0.0,0.0,0.0,0.0,0.0,0.0,0.0,1.0000000000000002,0.5622396030205249,0.6303573602840898,0.7114970978280405,0.6349554625943081,0.5308568825826686,0.4271149421218481,0.5993963384323177,0.6958725532774692,0.5527619446365251,0.6435099343019929,0.6557650958481809,0.5999023502080595,0.6086358743026865,0.5907541223861521,0.6659722151739664
43,0.0,0.0,0.0,0.0,0.0,0.0,0.0,0.0,0.0,0.0,0.0,0.0,0.0,0.0,0.0,0.0,0.0,0.0,0.0,0.0,0.0,0.0,0.0,0.0,0.0,0.0,0.0,0.0,0.0,0.0,0.0,0.0,0.0,0.0,0.0,0.0,0.0,0.0,0.0,0.0,0.0,0.0,0.0,1.0,0.5438875324759852,0.5944761457375907,0.5946790928572547,0.6117239177728648,0.50143108122934,0.6106804903104843,0.6805563884790808,0.5455036087429986,0.6962868394781536,0.6332516127542881,0.6327024894428185,0.5931680639235376,0.6148137866424557,0.6432947870934901
44,0.0,0.0,0.0,0.0,0.0,0.0,0.0,0.0,0.0,0.0,0.0,0.0,0.0,0.0,0.0,0.0,0.0,0.0,0.0,0.0,0.0,0.0,0.0,0.0,0.0,0.0,0.0,0.0,0.0,0.0,0.0,0.0,0.0,0.0,0.0,0.0,0.0,0.0,0.0,0.0,0.0,0.0,0.0,0.0,0.9999999999999999,0.7772019739488725,0.5188251462396332,0.49850243176108355,0.5620242103314176,0.6916397483902826,0.7324909877918803,0.6228774382865508,0.6796620051722998,0.6789118470712114,0.5673689555143793,0.5857858895987175,0.5609875721299068,0.6710527636367266
45,0.0,0.0,0.0,0.0,0.0,0.0,0.0,0.0,0.0,0.0,0.0,0.0,0.0,0.0,0.0,0.0,0.0,0.0,0.0,0.0,0.0,0.0,0.0,0.0,0.0,0.0,0.0,0.0,0.0,0.0,0.0,0.0,0.0,0.0,0.0,0.0,0.0,0.0,0.0,0.0,0.0,0.0,0.0,0.0,0.0,0.9999999999999999,0.6024698615646054,0.6860320610557832,0.5094880060900159,0.6594274040139171,0.7080709921171103,0.6019793402455749,0.6669213951178484,0.7272738893912651,0.6581894678554185,0.6542436381537359,0.6311328794476999,0.6724097809301725
46,0.0,0.0,0.0,0.0,0.0,0.0,0.0,0.0,0.0,0.0,0.0,0.0,0.0,0.0,0.0,0.0,0.0,0.0,0.0,0.0,0.0,0.0,0.0,0.0,0.0,0.0,0.0,0.0,0.0,0.0,0.0,0.0,0.0,0.0,0.0,0.0,0.0,0.0,0.0,0.0,0.0,0.0,0.0,0.0,0.0,0.0,0.9999999999999999,0.7102722089568075,0.4169786765842336,0.6723583051649562,0.5818563065499627,0.5614317065369182,0.705154055517076,0.6518643002827992,0.6214726221251395,0.6047343589946266,0.5418541985358498,0.5875621717411568
47,0.0,0.0,0.0,0.0,0.0,0.0,0.0,0.0,0.0,0.0,0.0,0.0,0.0,0.0,0.0,0.0,0.0,0.0,0.0,0.0,0.0,0.0,0.0,0.0,0.0,0.0,0.0,0.0,0.0,0.0,0.0,0.0,0.0,0.0,0.0,0.0,0.0,0.0,0.0,0.0,0.0,0.0,0.0,0.0,0.0,0.0,0.0,1.0,0.5101657254095072,0.6412696175233021,0.6329499794140806,0.5750226785336614,0.6486441732094121,0.6734916526364872,0.7112745200773124,0.633784383963639,0.5899564863440375,0.5953614566371445
48,0.0,0.0,0.0,0.0,0.0,0.0,0.0,0.0,0.0,0.0,0.0,0.0,0.0,0.0,0.0,0.0,0.0,0.0,0.0,0.0,0.0,0.0,0.0,0.0,0.0,0.0,0.0,0.0,0.0,0.0,0.0,0.0,0.0,0.0,0.0,0.0,0.0,0.0,0.0,0.0,0.0,0.0,0.0,0.0,0.0,0.0,0.0,0.0,0.9999999999999999,0.6258353645599131,0.5190103093215582,0.45897282530445993,0.45801595380384175,0.4464116941181764,0.5145630047478043,0.3856872173649536,0.5775190401432041,0.5288960003566207
49,0.0,0.0,0.0,0.0,0.0,0.0,0.0,0.0,0.0,0.0,0.0,0.0,0.0,0.0,0.0,0.0,0.0,0.0,0.0,0.0,0.0,0.0,0.0,0.0,0.0,0.0,0.0,0.0,0.0,0.0,0.0,0.0,0.0,0.0,0.0,0.0,0.0,0.0,0.0,0.0,0.0,0.0,0.0,0.0,0.0,0.0,0.0,0.0,0.0,1.0000000000000002,0.6411997947941694,0.6120414262466392,0.6788917849531836,0.6314653633271363,0.6700703363079272,0.6611428563555237,0.6073876868595088,0.7658619619938933
50,0.0,0.0,0.0,0.0,0.0,0.0,0.0,0.0,0.0,0.0,0.0,0.0,0.0,0.0,0.0,0.0,0.0,0.0,0.0,0.0,0.0,0.0,0.0,0.0,0.0,0.0,0.0,0.0,0.0,0.0,0.0,0.0,0.0,0.0,0.0,0.0,0.0,0.0,0.0,0.0,0.0,0.0,0.0,0.0,0.0,0.0,0.0,0.0,0.0,0.0,1.0000000000000002,0.6144089994463036,0.7313467039932067,0.6893280110597269,0.6134185045267803,0.61241292010552,0.5577113950858574,0.6709514008596511
51,0.0,0.0,0.0,0.0,0.0,0.0,0.0,0.0,0.0,0.0,0.0,0.0,0.0,0.0,0.0,0.0,0.0,0.0,0.0,0.0,0.0,0.0,0.0,0.0,0.0,0.0,0.0,0.0,0.0,0.0,0.0,0.0,0.0,0.0,0.0,0.0,0.0,0.0,0.0,0.0,0.0,0.0,0.0,0.0,0.0,0.0,0.0,0.0,0.0,0.0,0.0,1.0,0.6065561238120446,0.5880145692516348,0.5929021735119058,0.5313028530801378,0.46497358549102075,0.5999944004458605
52,0.0,0.0,0.0,0.0,0.0,0.0,0.0,0.0,0.0,0.0,0.0,0.0,0.0,0.0,0.0,0.0,0.0,0.0,0.0,0.0,0.0,0.0,0.0,0.0,0.0,0.0,0.0,0.0,0.0,0.0,0.0,0.0,0.0,0.0,0.0,0.0,0.0,0.0,0.0,0.0,0.0,0.0,0.0,0.0,0.0,0.0,0.0,0.0,0.0,0.0,0.0,0.0,0.9999999999999999,0.7248588928112701,0.6792713329081705,0.7191677380301579,0.6032944575805824,0.7042183774285312
53,0.0,0.0,0.0,0.0,0.0,0.0,0.0,0.0,0.0,0.0,0.0,0.0,0.0,0.0,0.0,0.0,0.0,0.0,0.0,0.0,0.0,0.0,0.0,0.0,0.0,0.0,0.0,0.0,0.0,0.0,0.0,0.0,0.0,0.0,0.0,0.0,0.0,0.0,0.0,0.0,0.0,0.0,0.0,0.0,0.0,0.0,0.0,0.0,0.0,0.0,0.0,0.0,0.0,1.0,0.6092303784777148,0.6680276168434728,0.5382243904052441,0.739930380223609
54,0.0,0.0,0.0,0.0,0.0,0.0,0.0,0.0,0.0,0.0,0.0,0.0,0.0,0.0,0.0,0.0,0.0,0.0,0.0,0.0,0.0,0.0,0.0,0.0,0.0,0.0,0.0,0.0,0.0,0.0,0.0,0.0,0.0,0.0,0.0,0.0,0.0,0.0,0.0,0.0,0.0,0.0,0.0,0.0,0.0,0.0,0.0,0.0,0.0,0.0,0.0,0.0,0.0,0.0,1.0000000000000002,0.6859805348385191,0.625158391442783,0.6717532529831209
55,0.0,0.0,0.0,0.0,0.0,0.0,0.0,0.0,0.0,0.0,0.0,0.0,0.0,0.0,0.0,0.0,0.0,0.0,0.0,0.0,0.0,0.0,0.0,0.0,0.0,0.0,0.0,0.0,0.0,0.0,0.0,0.0,0.0,0.0,0.0,0.0,0.0,0.0,0.0,0.0,0.0,0.0,0.0,0.0,0.0,0.0,0.0,0.0,0.0,0.0,0.0,0.0,0.0,0.0,0.0,1.0,0.6153081717056239,0.6772217344962141
56,0.0,0.0,0.0,0.0,0.0,0.0,0.0,0.0,0.0,0.0,0.0,0.0,0.0,0.0,0.0,0.0,0.0,0.0,0.0,0.0,0.0,0.0,0.0,0.0,0.0,0.0,0.0,0.0,0.0,0.0,0.0,0.0,0.0,0.0,0.0,0.0,0.0,0.0,0.0,0.0,0.0,0.0,0.0,0.0,0.0,0.0,0.0,0.0,0.0,0.0,0.0,0.0,0.0,0.0,0.0,0.0,0.9999999999999998,0.5307368384749825
57,0.0,0.0,0.0,0.0,0.0,0.0,0.0,0.0,0.0,0.0,0.0,0.0,0.0,0.0,0.0,0.0,0.0,0.0,0.0,0.0,0.0,0.0,0.0,0.0,0.0,0.0,0.0,0.0,0.0,0.0,0.0,0.0,0.0,0.0,0.0,0.0,0.0,0.0,0.0,0.0,0.0,0.0,0.0,0.0,0.0,0.0,0.0,0.0,0.0,0.0,0.0,0.0,0.0,0.0,0.0,0.0,0.0,1.0
