,inception,the social network,iron man 2,the king's speech,scott pilgrim vs. the world,shutter island,black swan,the fighter,the help,drive,moneyball,hugo,source code,thor,x-men: first class,rise of the planet of the apes,fast five,the avengers,looper,the dark knight rises,lincoln,django unchained,argo,the hunger games,moonrise kingdom,brave,zero dark thirty,man of steel,gravity,iron man 3,the conjuring,12 years a slave,despicable me 2,pacific rim,world war z,american hustle,gatsby,gone girl,grand budapest hotel,edge of tomorrow,guardians of the galaxy,captain america: the winter soldier,nightcrawler,interstellar,unbroken,birdman,whiplash,spotlight,the hateful eight,mad max:fury road,inside out,jurassic world,the martian,the big short,the revenant,star wars: the force awakens,sicario,la la land,doctor strange,zootopia,moana,arrival,deadpool,moonlight,finding dory,suicide squad,the nice guys,jason bourne,it,get out,dunkirk,wonder woman,thor: ragnarok,lady bird,call me by your name,baby driver,the shape of water,logan,blade runner 2049,phantom thread,black panther,avengers: infinity war,a star is born,spider-man: into the spider-verse,a quiet place,deadpool 2,annihilation,bohemian rhapsody,venom
0,0.9999999999999998,0.7318593417008413,0.6718004792327262,0.7525021007243939,0.7594626833678582,0.7118186874355812,0.776003878108231,0.7364114842629902,0.8206831277996672,0.8462890595238378,0.6964392816766763,0.7669494898505046,0.8167702088049322,0.8471621341341612,0.7362858450257924,0.717163314634373,0.7603150828903051,0.7958984040853242,0.7897486763922514,0.7447789181996854,0.8513174002658295,0.7193214304092161,0.756613370813368,0.6807560200761068,0.7501306473994526,0.8083475595831435,0.777675893003538,0.7369027543651393,0.7855014696079048,0.6775774740964546,0.8280132265687797,0.7513523586071724,0.7351368378633417,0.7991835543930155,0.8131418774479288,0.6901646994860478,0.7742113117024586,0.8208185727026117,0.6051732299668803,0.7937321768751485,0.7704602743960214,0.7551423342985235,0.774989745991697,0.8649843039643764,0.8302062384261544,0.7363734822430149,0.8519322506011978,0.8067170414489069,0.7465522778020517,0.6104204905212159,0.8657762295478486,0.8061627645069652,0.806675634958604,0.81360610101105,0.8411458384798163,0.750073055485623,0.8198702655607687,0.722259466071899,0.6999268254952715,0.8059086677345986,0.794310393656955,0.7995030190510228,0.7686085493468803,0.7972132017412039,0.8054885890268866,0.7800913250876836,0.781820878841884,0.7724762629674121,0.9014656952074569,0.824067474187781,0.7443735275466596,0.758388695857355,0.700429379139773,0.6728365738703959,0.743309524351766,0.7498517826668919,0.7415373656627442,0.7744106435060302,0.6347045144308229,0.690022340871791,0.6791439823322799,0.8224462794092305,0.8026313927604317,0.7650798803236901,0.7965909383666814,0.7183256896252508,0.7823102325218457,0.6555589559846382,0.8009206933347902
1,0.0,1.0000000000000002,0.6028221843927875,0.6339295960451385,0.7323706381837932,0.6149541587444417,0.7156752033904951,0.6674623445229001,0.8163749033547514,0.7639562583619467,0.617187842661576,0.6535348540548475,0.8030634151741776,0.7113932850390653,0.6334422069130403,0.6546514276051226,0.7447481833296483,0.7506509222849855,0.6249231916447089,0.6284243491164787,0.7110213746768148,0.5882438478799001,0.7099951677064071,0.6814429081779693,0.6494588913220782,0.6971147598494674,0.6410451713372891,0.7061290718562577,0.7285367932884775,0.5543557457165237,0.7060900786948394,0.6367307255872291,0.5815873737020608,0.6818846547785211,0.7708018592369901,0.6920372457813839,0.6399939199574833,0.7247033128044434,0.533620768770511,0.7179455759489438,0.6699178960170621,0.6009204839468427,0.7190661711274768,0.7466378885983949,0.712320364745116,0.6101054423754116,0.7088865462142444,0.7812872690097553,0.735486292371495,0.6164212877366257,0.7491211408502336,0.7615947847594057,0.7196657656078245,0.6995586047749287,0.7255867312163308,0.7081246497399364,0.6989899969091835,0.6607920876197686,0.6659402787084738,0.6566454388227217,0.6947400583167811,0.7413810562946331,0.6711857712838709,0.651774275407471,0.6629116238865309,0.7090636772623763,0.7139552120928923,0.6422009639477155,0.8102984066041649,0.7939480364907295,0.6749972207759979,0.7085277174549296,0.6578519971065859,0.5985730928123414,0.7488526254561075,0.6715616832020593,0.6877030385516828,0.6783246086241682,0.5384384085654311,0.5558196995925795,0.6357584338779937,0.7041504479727959,0.7155879243017641,0.5994582984298179,0.6950142601814179,0.5912538162899844,0.6783450602445217,0.49113895496608684,0.6753215541197897
2,0.0,0.0,1.0000000000000002,0.695208094217017,0.6075991423675984,0.5016262234136545,0.7005176581005196,0.699263611228274,0.7414271257053987,0.7036367411960821,0.7295666211853449,0.6586246779631459,0.6120663018450605,0.7124799863520436,0.710544913144473,0.700227038055241,0.6832291549665467,0.7449104594716456,0.6779821139377673,0.6851910826701579,0.6953741201681879,0.5815875180542989,0.662636896023101,0.6548883749008791,0.7256723413606653,0.7191995854312586,0.6782247686916596,0.8371055127372026,0.6885613978777233,0.7664349624025794,0.7175586302422392,0.7395238392136831,0.8145990284673185,0.7109590937247656,0.6375403649432723,0.732992597870546,0.6414822941433385,0.7009192546322195,0.5490322071695184,0.606085599727806,0.6530731570069385,0.6373966267699201,0.611458928940582,0.6914273271022422,0.7375662833289125,0.6678572100555263,0.6055584339915717,0.6206109643574741,0.6811777085205274,0.6585350176528684,0.7237145123574736,0.6083694868639572,0.7232351970042449,0.6850662604427248,0.7576678681529206,0.6702998274314773,0.7463623186570316,0.6558489246336442,0.5818161661389977,0.639592006655198,0.7135865662741642,0.665709725353246,0.6683087570247779,0.6701219796590648,0.6587978902621545,0.7358979011922674,0.6861034822144069,0.6355042504900299,0.7584719964535073,0.7318349880913437,0.6754966103713588,0.6888721536411251,0.6854917537758374,0.6473792995781689,0.6535399962249466,0.6681362740708441,0.6538369067663051,0.7320930413171063,0.7412439211173787,0.643320474191704,0.6512249508474172,0.6853698421326858,0.7436435122103463,0.7100750599856649,0.6717504822600696,0.8017270639942271,0.7078413487272875,0.5638994662490748,0.7140847608903108
3,0.0,0.0,0.0,1.0,0.7136439726442262,0.618296309096012,0.7501438711184385,0.716944525913121,0.7964489278004439,0.7387681400259586,0.6816834065586453,0.7101268834675373,0.6805914621552327,0.7673525792512376,0.7070565846645934,0.6759404596147814,0.7103429046791981,0.7524506695390488,0.6624561430644682,0.7658498641204049,0.7575752161485785,0.6068270514605333,0.6339814821732387,0.6788810168662213,0.7052018002215361,0.7323872134529958,0.6528753786107451,0.7401459439514299,0.6791406556904779,0.5664558257559037,0.747643405215531,0.718846188700971,0.8047163815135018,0.6900491127386589,0.663446021650235,0.6933089513973119,0.7324504425131563,0.6497749479791989,0.5913657761176655,0.6483789710375757,0.6901554832297067,0.6543983094683973,0.6582485157532572,0.7105571145662787,0.7492791424362626,0.6506879800827652,0.7150978146905661,0.7281107937241499,0.7632629688119524,0.6177978290670354,0.7040735443611493,0.637696837597626,0.7119154386750334,0.7667397811528529,0.759130978903951,0.7013846307994925,0.7222727197747186,0.6446545041167072,0.6644114642497796,0.7108174785338187,0.7025132089086783,0.7142474024936218,0.7180995935320692,0.701498011755528,0.6688916936261007,0.7585805555340059,0.6962717937646966,0.6741821243922389,0.7839127075133874,0.6758559512432939,0.728697402241696,0.6045604923871872,0.6296697950597727,0.6430537238142223,0.6720785277230555,0.6934780997457125,0.6426063708430166,0.7095117134287084,0.5863760318796319,0.6398514322344807,0.7107082452815483,0.6854500283257211,0.7227605931716087,0.7893329031814568,0.7558304719566242,0.7610874613997384,0.7069305405973977,0.6506090259159582,0.7549033000984432
4,0.0,0.0,0.0,0.0,1.0000000000000002,0.6499352941611914,0.7484477446607533,0.6960370485792187,0.7757860201554476,0.7571200964280168,0.656424566418229,0.709911418189294,0.7298496452380946,0.7117901990366122,0.7188090487623868,0.7315048962698188,0.7362775856808421,0.7567034874504885,0.678539191027504,0.7120192237120827,0.7043872520385567,0.5835680989539641,0.7151262503112934,0.6783584616847945,0.7216346660365082,0.7522816140133766,0.696510245491541,0.7288951509177223,0.8030976456697227,0.5935054288790202,0.7296107256995291,0.6814355978366033,0.6321027257075047,0.7802047119190106,0.783983221207486,0.7324485689602396,0.7346108985510111,0.7456912672667245,0.5601100086933979,0.6993264735967437,0.695428598196875,0.7204119261475977,0.722598483748259,0.7810818930349103,0.7033653966455848,0.6675278901678103,0.7383244189856034,0.7337222357660017,0.749321856040358,0.6721969603445904,0.7586623554803343,0.7677391632502324,0.7496096695698184,0.7859490787747183,0.7147783894423719,0.7089986985555282,0.7123566388336563,0.6693145495504395,0.6846122491528149,0.681637421068149,0.6725353570439844,0.7994340176093526,0.7022278096530562,0.7073560696636159,0.6857068211098478,0.6747140809891236,0.7288958178920026,0.6992133926039489,0.8000979051566227,0.7578085691110075,0.6523910330715036,0.6885353486897647,0.6075806973672495,0.6641917351197231,0.6557122794094276,0.6861379025580606,0.7060456850456229,0.7209105049888681,0.5689940081357088,0.628946243170497,0.6801844851982259,0.7255878515467584,0.7791436663678708,0.7383699733769514,0.744711117913884,0.6181104756002469,0.6463721145132183,0.5803179314249208,0.6872030836947113
5,0.0,0.0,0.0,0.0,0.0,0.9999999999999999,0.7474131151590782,0.682357713683743,0.7273753438511266,0.7583162534324501,0.615242855225082,0.7565020506704655,0.7205820830697898,0.7517221840771252,0.6648509729816041,0.5237792318104693,0.7085956161488232,0.6680368997749547,0.618632993753905,0.6838463096136468,0.7102121264263125,0.6606863126942564,0.6218511294236756,0.6365746558804767,0.6105838532505911,0.6514534809927587,0.6591776480228495,0.6655135013463708,0.7012503620475483,0.47701480975372856,0.7161757382669774,0.5980386748225538,0.579911388090866,0.691718705314731,0.6162817971402393,0.6593818056415169,0.7370214851580018,0.6417025037538536,0.6517794442880018,0.6251744645276288,0.6614821184854079,0.6707746643003987,0.7374222048286962,0.6770157968860236,0.6110599994418455,0.6707268560760675,0.7054137694104657,0.7493517077890808,0.6515224701946348,0.596130523084065,0.7142583683772916,0.7011856306233822,0.6926029537712118,0.7235835441192477,0.6971234195512709,0.5533505668995152,0.6739062043470901,0.6377790572556529,0.6621741137438507,0.6119630177622557,0.6569924998369403,0.7259606516159957,0.6825823858472775,0.696105397698809,0.7026039519343577,0.6247054072542778,0.6177839026404431,0.7230901843664144,0.748467496407543,0.6842972282991849,0.7006212699597163,0.5593124376723126,0.6110795516845593,0.7214691645143185,0.5522275127024137,0.6932761640545705,0.6800994891011545,0.6538640323025109,0.5100895157724539,0.6066241151578493,0.6249808340009967,0.5986625432727491,0.6463439892998699,0.6388887145534264,0.6516541028531957,0.5906892589841003,0.6072789363590775,0.5941967170797149,0.6853724166327588
6,0.0,0.0,0.0,0.0,0.0,0.0,1.0,0.7046156632801922,0.7916091223368459,0.7763057018134703,0.751257160722179,0.7487463447275337,0.7125503265470787,0.7861859372077202,0.7211860291025539,0.7099263644801239,0.7434004702072895,0.7743801885106274,0.6961671851466816,0.7699067304010709,0.7806370422386606,0.6364194120913412,0.7229314241347718,0.6459836097859425,0.7186150670368221,0.837747710423021,0.7554051632617613,0.7852435312456929,0.779478838165901,0.595535313463263,0.7663364825479365,0.7340879141438744,0.7332044391111365,0.7520626753027938,0.7396071676770115,0.7263143389572361,0.814263922223874,0.7663341259473058,0.7378347001853413,0.6584421469397459,0.7365181146024169,0.7471153720606741,0.7742858216534643,0.7712748114038379,0.7863387900782285,0.7434545460833616,0.7705131283559378,0.7747029310659437,0.7524140632105296,0.6585607368361533,0.7798884135442474,0.7448870386727108,0.7853323314087834,0.7994242202779726,0.7962672558788001,0.7068057094437709,0.7737718720357892,0.6918716265411705,0.6870766770544403,0.7096488376187251,0.7417877082560022,0.828041120348834,0.7451120906447384,0.7630902603470058,0.7627909383736836,0.7173573843506378,0.7430430712138845,0.75432801760075,0.8355475667237446,0.7647109882797255,0.7638690314813872,0.7545077767531452,0.7012149571797697,0.8399457716223847,0.6853900799197241,0.775134099014452,0.7793619125908564,0.7624098743437738,0.6550876069104301,0.6730758584130743,0.8481983284551313,0.7261559148293366,0.8374454195939108,0.7062757075829539,0.711270738839169,0.7100997281334364,0.7242578111714175,0.7097312695220467,0.7771716714569428
7,0.0,0.0,0.0,0.0,0.0,0.0,0.0,0.9999999999999999,0.8163273475305459,0.7671749489016538,0.6704620650568129,0.8191265248678182,0.7012778187499193,0.811477438513092,0.7534492682983321,0.6860343757886006,0.8122938405227068,0.8096899322834223,0.7048364320149896,0.744873422849976,0.7084373976358522,0.6474694556923873,0.7523011744383192,0.7437745383744977,0.6732214303768056,0.7785435415840528,0.7074542720558569,0.7713835514047099,0.804623274735637,0.6063976298283419,0.7141403087875491,0.7300571009488687,0.6838213425373801,0.7408570133423104,0.7262150700431707,0.7783775550658601,0.7885059948492225,0.776391135582929,0.6137215431224099,0.6468881862888526,0.7546429127603236,0.7060572186713796,0.7915938223101754,0.7726186996973435,0.7180594372456705,0.6926124240950667,0.7273068517895446,0.733301347124717,0.8290839179788142,0.7290935630351641,0.7553177962302147,0.6971175342383898,0.7650074317554209,0.7884870855561196,0.7813700406785742,0.8013559196897354,0.7323921705646707,0.6942011911375748,0.6841609998748696,0.6749873138163764,0.7194323767892695,0.7622124297639401,0.7370691778720375,0.7375044167592355,0.7012723619790787,0.7516162804705446,0.7316448027334305,0.6802455517642882,0.8269723109658983,0.7909120227144112,0.748847515643782,0.6587782207787036,0.7199069575407567,0.6833566016623431,0.6614385392398667,0.7037106575834784,0.7345360320807739,0.7840968547528169,0.6375277290958384,0.7318480656597037,0.7381985678877682,0.7832799272063051,0.7360938953469249,0.6863805166113974,0.6924377661877296,0.6937463301308152,0.7412878813413508,0.6062304202070439,0.7605165941780896
8,0.0,0.0,0.0,0.0,0.0,0.0,0.0,0.0,0.9999999999999999,0.8939235054071835,0.742980422226109,0.8488434944973281,0.8341705539862101,0.8749001986159067,0.7842136517486499,0.7632526392901867,0.8634350228410534,0.8778186839422596,0.7539251022226907,0.7424796098706401,0.8339738874055458,0.6783805996840236,0.8037257551842606,0.8085853535887141,0.7297610402318524,0.8415219933376935,0.7713927542106332,0.8258261700538226,0.8660976190484253,0.6968586779618064,0.8171997026421368,0.8136327299364808,0.7748833280234806,0.8008501127210559,0.8201545349467702,0.8034646314145527,0.7886619356994629,0.8231686945038236,0.6580120458109037,0.7420879899413468,0.821975280689344,0.7317194759592776,0.7952605379844311,0.8511444873480021,0.7921621279562866,0.7003507353614423,0.820048805002021,0.8472222808536098,0.8362599091728101,0.7333762071840151,0.8533991611503995,0.7971395304767787,0.8511163256292734,0.8575240843066881,0.8423065893461916,0.8000342787640733,0.7862441784560686,0.8081408477693771,0.7634660063204817,0.7352263504799373,0.8009906024619531,0.8496983242094291,0.8201788353090328,0.7709744863923481,0.7904330331263378,0.8077819427975372,0.7900270872625144,0.7619071804040215,0.9456545533504946,0.8839065436323318,0.7833619557142122,0.7832751475614168,0.7453904093555412,0.7241134048015476,0.778236417038441,0.7996702194217388,0.8354099142023489,0.8294783575502074,0.5773488141613231,0.7340399929991726,0.750762501029827,0.7942768261589308,0.8235144438348432,0.7506003974897625,0.8389511881871281,0.7729285452202662,0.8063594421734505,0.6261254641967229,0.8341435771263392
9,0.0,0.0,0.0,0.0,0.0,0.0,0.0,0.0,0.0,1.0000000000000002,0.7159832060116946,0.8033806468733856,0.8341162067661971,0.8514595577140714,0.7547719594083344,0.7626369369726569,0.8307578720398833,0.835961702967795,0.745600110943993,0.7602576375452738,0.8299925215578042,0.744511297572937,0.7890071199733975,0.7343959848869632,0.7779942596498298,0.8184740534768072,0.7888508569573908,0.7758378071915373,0.8678185368126882,0.6654596161363547,0.814518121106489,0.76540499976836,0.7482799245708107,0.7880024113141696,0.7833531326381306,0.7448460908432691,0.766858831500036,0.7911940068589456,0.6680272195126606,0.7975120637314945,0.7963824809136998,0.7009613238128536,0.7889360597800944,0.862649069407223,0.7990301645699148,0.7370974103252118,0.8088807854405037,0.8056867903420413,0.8102317770839393,0.7321912885588929,0.887213455049529,0.8022852466503645,0.8440541896802507,0.8304759930925909,0.8392484142760515,0.7592319719511849,0.8344499651839362,0.8120831860430604,0.7694987155771672,0.7157884467274265,0.7643526058563948,0.8514549439060173,0.7800695898269091,0.7657577857354092,0.8114305241092729,0.8136120898834064,0.79502822844748,0.7916110592669768,0.9314587400826794,0.8631626728638543,0.7992889656080246,0.7481955519414618,0.7141480840512691,0.7087919081812492,0.7420733411970762,0.8335888344411693,0.7866987410518311,0.8075883439412371,0.6384661652206722,0.7285140630778048,0.6870782873537089,0.7698127845499816,0.8055623576971032,0.7921916468181145,0.8324631658839287,0.7311384976751278,0.8049205071773469,0.615439944692836,0.8279037160840467
10,0.0,0.0,0.0,0.0,0.0,0.0,0.0,0.0,0.0,0.0,0.9999999999999999,0.6838175387268264,0.6352000041004153,0.7574225479987936,0.7936567179123899,0.6393623051961423,0.6804787552883371,0.7840686244129447,0.6584661928136172,0.6622375768855865,0.740882513595237,0.6795744591803567,0.6660129383956933,0.692945993850291,0.6863898171918718,0.8008465222863848,0.6853998040874233,0.7827471345528692,0.7287633825320978,0.6776689799444688,0.7170469911838795,0.6566254280983799,0.722614654157403,0.6936722495216175,0.680381280405346,0.7062534397293931,0.7636343620615502,0.7144981490171427,0.6085142470138547,0.5871567116145383,0.7545006310297888,0.6875406036064516,0.6817599744191954,0.7330109330297788,0.7544703764691886,0.8235564039387471,0.6487400871898543,0.6508461889392072,0.6825180088048024,0.7691327595972137,0.694429372306882,0.7255230359811846,0.8212379928422906,0.7202238058135124,0.7584549914899487,0.6833764424285663,0.7272691537250568,0.6753403726151621,0.6357996210879193,0.7018098112066198,0.7907116734258428,0.7205438538903078,0.7490558412105774,0.7363667265573453,0.7136032890390682,0.7000254745637612,0.6942972192072177,0.7694203282882341,0.7800876703110325,0.6976240036111356,0.7059370913067914,0.7084828121873068,0.6946449074497002,0.7154549144521392,0.7593530294483298,0.727296962124518,0.688507449297639,0.7268773774522687,0.5802986736580955,0.6382585906703807,0.7567324325382752,0.7378464456756584,0.7601039010072445,0.6798475945436219,0.680223877555294,0.7057667370792948,0.7685878980272,0.7092532485475435,0.7885230916973045
11,0.0,0.0,0.0,0.0,0.0,0.0,0.0,0.0,0.0,0.0,0.0,0.9999999999999999,0.7796705893181083,0.8574601257201981,0.7485347998181386,0.67681508015988,0.7720872004755622,0.8325292306005657,0.7142837103028994,0.7429492643953648,0.7569531880101935,0.7215782829617957,0.7983027377257911,0.8103337060742394,0.7071456811266862,0.8027887954952048,0.7455480199499565,0.7725930384755589,0.8542889896379945,0.6151929780461813,0.7875591075094895,0.6915707020051873,0.6922779786416148,0.7213503388702506,0.7673748416124685,0.8070264367209378,0.8427356365194769,0.7917764336637653,0.68320812769417,0.7249991731881686,0.8352266788246248,0.7310426514815713,0.7935284743111409,0.7779837679967131,0.7390051402337587,0.683561827479547,0.7612495979257947,0.7417349562093913,0.7804962517897923,0.7072763624213214,0.8003896726580609,0.7706221460538769,0.7905714873163374,0.825936198062281,0.8068357544244366,0.7323808099151433,0.7734565596931811,0.7492677732099555,0.7545323875303135,0.7190308620050727,0.7747415952440696,0.7893231085013056,0.773227597497844,0.7472602743360733,0.7687234526594687,0.7788329648780178,0.80724117264455,0.7811542153704686,0.8558424332852952,0.8341815796660749,0.782807454909272,0.7005083708370159,0.7790613160797776,0.7191057012317967,0.6885409241386383,0.7629910042561056,0.7777957763767883,0.8172480052518591,0.562817871966772,0.6767733093481294,0.6661466181858621,0.7540145630638074,0.7507039049293228,0.6697425538685087,0.7523385883190613,0.6932129917791707,0.7358896005410043,0.6312214350986969,0.7915960422928733
12,0.0,0.0,0.0,0.0,0.0,0.0,0.0,0.0,0.0,0.0,0.0,0.0,0.9999999999999999,0.7951431804749091,0.7153058044196018,0.6503562115841612,0.7816146741110197,0.778809263640834,0.7320815606603214,0.6660074898866711,0.7932600719944696,0.6722245824532529,0.7180686422436268,0.7170799006456346,0.6746681798681589,0.7528410385005592,0.750758366156042,0.7359789041740703,0.8013774314767593,0.6152777642916805,0.7522255079684828,0.6955450444319035,0.6946948372149085,0.7174715217768837,0.7775120921452945,0.7198365152569072,0.7119537890708403,0.7423695944155773,0.6281393140770618,0.7645307775748641,0.7589104820222925,0.6392798180322318,0.7558865567578007,0.7995173440880372,0.7093956267674815,0.6462835014386651,0.732524695731582,0.774888367776137,0.7616847468784839,0.7005513263628155,0.8570071496590095,0.7658510814627159,0.7496333466747778,0.7665373294287742,0.7560423770821811,0.7270691249002814,0.7578042668912387,0.7198255854388628,0.734074546405853,0.7043424258929313,0.728838765858158,0.776068498886496,0.7779296319226793,0.7002253672015945,0.7800435606438536,0.788475582620718,0.7698475260709081,0.7202169265347069,0.8679076581167341,0.8581376892833288,0.6940436142302959,0.6819515631319444,0.6504152306040674,0.6773473040606097,0.7509886686481939,0.7289244896290972,0.7364140390785786,0.7555026938318825,0.5120909600886495,0.6598569337903593,0.6212961516840936,0.7288981552430652,0.7652044598390738,0.6834539360543609,0.7742866479271134,0.7005510566477992,0.7045729936120108,0.5768298119120324,0.7653235555963196
13,0.0,0.0,0.0,0.0,0.0,0.0,0.0,0.0,0.0,0.0,0.0,0.0,0.0,1.0,0.820791514245966,0.7412401498283894,0.7759590277541834,0.8993077312089596,0.7112788588473524,0.7941456105173929,0.870656557550361,0.7141343579943739,0.8082409035911328,0.7877017594663615,0.792788969291842,0.8505825847944127,0.7887926484532954,0.8233914898408863,0.8420657683217918,0.7059823946356435,0.8435777993042061,0.7722758324859995,0.7289078291805084,0.7829106958983938,0.8055523776827019,0.7822524155847294,0.8144014107721252,0.816411718898249,0.6858083729589416,0.767412749760079,0.8480580050318955,0.7966031355938613,0.8301486962982286,0.8671266878048041,0.8059607580954871,0.746219226806806,0.7732271631206439,0.8157062668829004,0.8059582518404776,0.7002341314856166,0.851427365491985,0.830564270620195,0.8499690233787704,0.8515884224374252,0.8704924592458513,0.8149026179302504,0.8353397415826792,0.7443760945199454,0.7594760412529524,0.7867042116272996,0.8588229171132573,0.8421850471992243,0.8521106673938598,0.824043445271933,0.8409342864283366,0.8326034037384538,0.7926078213340373,0.8083670366130478,0.9231974748706232,0.8467049067509472,0.8129894153898299,0.7853222889216753,0.8542182497923969,0.6861019289239253,0.762081687926867,0.7776064739972478,0.788742817085609,0.8455372114871215,0.5936036675723909,0.7230050192911324,0.7085790714092173,0.855187609008597,0.8395262552989974,0.7494114065773053,0.7899297182139036,0.7763227904040588,0.823619736129337,0.6456058113004066,0.8805996836025012
14,0.0,0.0,0.0,0.0,0.0,0.0,0.0,0.0,0.0,0.0,0.0,0.0,0.0,0.0,1.0000000000000002,0.680759277767191,0.7774613396060329,0.8568644656103477,0.6733966272816357,0.725620646703333,0.8163386158622404,0.6665543780784782,0.7347976876025892,0.7087179170095155,0.7139168395180671,0.7727525432229987,0.7339198560848615,0.8073288714303946,0.7635545559392913,0.656570801846189,0.7923877587639687,0.7408016318526173,0.7122763360567352,0.7716187053899798,0.7418210415698262,0.7560754504928704,0.7361748859375586,0.7581968954542134,0.5944986314542957,0.6283161149535189,0.7387900010780671,0.7613424045520606,0.7296183348604667,0.7806548778643218,0.7376066508279889,0.774369568386533,0.6321767361718973,0.6516309894476513,0.7005738999249884,0.7530562376385815,0.7680673552769859,0.7400895808756573,0.825747290115506,0.7572800827003586,0.7862494533155838,0.761853192198435,0.7181206704363552,0.7120828395610195,0.6757613075470943,0.702667350198232,0.7798195301979906,0.816653758457342,0.766256103053416,0.7266133635859795,0.7633190285083897,0.70864888640595,0.7457354482682624,0.762242154045803,0.8186079684869618,0.7435507479268056,0.730829459970991,0.7322216540713035,0.7312938078845298,0.6928213345003514,0.6863543389900959,0.7256554826993216,0.6844318037597853,0.7923548475175051,0.6357429005909554,0.650848991870836,0.7164337433795639,0.8268705436863198,0.7986919529830966,0.7557803185923037,0.7289026291607908,0.7284216433803344,0.7897520887651761,0.6113654886863485,0.8347304701137185
15,0.0,0.0,0.0,0.0,0.0,0.0,0.0,0.0,0.0,0.0,0.0,0.0,0.0,0.0,0.0,1.0,0.740666131304479,0.7416225735184391,0.6409484266451564,0.6870252337463663,0.7259361749186899,0.6142595513700002,0.6718740620405151,0.6555730594816802,0.7109980610405685,0.7337291782450751,0.6795913120867569,0.7572053187065051,0.7535526742053634,0.6743424192761773,0.7328546302044399,0.7009560379675271,0.6670204124037695,0.7564303081018867,0.7278863778368868,0.686534292118251,0.6891459817501725,0.6887003977840384,0.5431008915190575,0.6803066719089171,0.7313533296025186,0.6638664427404968,0.658492542469122,0.7691939143357326,0.7142499357563791,0.5955375379267961,0.7058134807902862,0.6722045630339429,0.7219509708251398,0.7289841731421469,0.7210444244229863,0.717991340090853,0.7541934572151608,0.7962271376715642,0.7760558310130513,0.7317284459625834,0.7565954830642786,0.7286468752855356,0.6323564694714523,0.7048096517226098,0.6865311293836374,0.728175474010903,0.7130302232416532,0.65704868758775,0.6930181057340888,0.6997216331317265,0.7423093570439309,0.6589763871495412,0.791465571949006,0.7145090373418653,0.6749275609120962,0.7105540067963712,0.6554126937748007,0.6284413204058361,0.63662785902848,0.6048553132281236,0.7162201017496103,0.744909499681389,0.5932041155925587,0.6055297175617544,0.6772518590973612,0.6982761126975603,0.7358371675504938,0.6943133803316496,0.7229756046441648,0.6600818730193738,0.7449927892824328,0.5119872587018612,0.6966808401759845
16,0.0,0.0,0.0,0.0,0.0,0.0,0.0,0.0,0.0,0.0,0.0,0.0,0.0,0.0,0.0,0.0,0.9999999999999996,0.7830051365064662,0.7162458349425436,0.6997279240381914,0.7618522987773235,0.629893880938843,0.7345590933617171,0.7073854633098786,0.6912328750496253,0.7498422930298151,0.726185910773441,0.8042175896402379,0.8075481762543999,0.6538953489158997,0.7424024827348076,0.7439967154239472,0.6595172052975637,0.7686063905884067,0.7161244843666047,0.7459727710140532,0.7331420003192632,0.724991571928536,0.651351900525967,0.7075680259534486,0.7496175744831207,0.6826640723970461,0.7045823196496497,0.7867222339368988,0.7194899724391283,0.6754341467564893,0.7557198092252478,0.7185216925087264,0.8064535380086634,0.7565085584398431,0.8049505367190339,0.7289492705889997,0.7898400001838463,0.8370399663464766,0.7912505892743714,0.7687974124314959,0.7512286828469984,0.7876439507053317,0.6727815489863458,0.7138646613488205,0.7672294609041779,0.80884579481008,0.7470141671195192,0.7276890389189632,0.7529923193725275,0.7526272068651787,0.7286447683423241,0.7144975446924196,0.8755468352349158,0.816989964914013,0.7545021225534682,0.7092850647332947,0.6515596532629824,0.6857841773751011,0.658479626176288,0.745918755364232,0.7598175090325276,0.7785669697866844,0.546568305363723,0.6424265287001518,0.6529348851361515,0.6977774418015734,0.7727268785829868,0.6757479577604497,0.7755936867791067,0.6722415611142143,0.7210882976130881,0.5560700672628508,0.7772244838317904
17,0.0,0.0,0.0,0.0,0.0,0.0,0.0,0.0,0.0,0.0,0.0,0.0,0.0,0.0,0.0,0.0,0.0,1.0,0.6992594260814595,0.7936998146494192,0.7911035472596577,0.7163041325106371,0.8197174636912158,0.8355073604689436,0.7595472690470385,0.846997119006346,0.7888841106898671,0.8317294380381295,0.8763920523927206,0.6694357236282568,0.8148233632699017,0.7456123830040806,0.7621466637497358,0.7596215426870869,0.8144471331111908,0.8129352942173915,0.8036442505278003,0.8498142249306746,0.6712253107910913,0.7312608370794191,0.8623048327082267,0.7847993131981869,0.7715084998482562,0.8446692386415349,0.805788362745708,0.7497512868212582,0.7128392294633555,0.7811271792953969,0.7901593637241544,0.7542595363801986,0.8168661115463244,0.8144383779400505,0.8803107522198343,0.835147777137074,0.8567171273254238,0.8757289366376305,0.7938022827487236,0.714837102779613,0.7885868415400067,0.7532125533350127,0.8435944325674065,0.8431323907237929,0.8914627091445756,0.7547087048010978,0.8059384528931336,0.8263283209748868,0.8202883619090728,0.7920134104616595,0.8949147531899592,0.8370548769339158,0.8032968105527888,0.7890644031445279,0.8313816108544491,0.6829774553167361,0.7603028682583173,0.7578815878667345,0.7671118235148913,0.8201396424035476,0.6386932938646959,0.7077392272281056,0.7632996811452627,0.9087453287825319,0.8404058518469222,0.7975754258273793,0.7961225423536121,0.8207686345369913,0.8202547082495287,0.613613785851775,0.9010316735252097
18,0.0,0.0,0.0,0.0,0.0,0.0,0.0,0.0,0.0,0.0,0.0,0.0,0.0,0.0,0.0,0.0,0.0,0.0,1.0000000000000002,0.616982351550324,0.7706170325566908,0.6108977785457588,0.7252174979513755,0.6193671536301455,0.6578140689308076,0.7251074334550944,0.7095054793619581,0.7031937296123182,0.7169650557709035,0.6607779421097708,0.71882885144662,0.6888900373547989,0.7170001401526451,0.6690158667739415,0.7297048360325917,0.7072411756870198,0.6476823204186898,0.7644354398770032,0.5478434220072093,0.7180863512469713,0.6822703291165827,0.6650516321688327,0.7030067437683056,0.7617326692379208,0.7390550634765645,0.6607478666091441,0.7824062548425652,0.7125286326911547,0.6954472966575445,0.6169367311843994,0.7844165234291791,0.7005642263688635,0.7329763366584098,0.7083644978236876,0.7327883569205682,0.630459671755707,0.7675283999349515,0.7404100721348196,0.6312966089648494,0.765175422835017,0.7175807201243093,0.7447757681331028,0.7221561087811318,0.7621050441972367,0.6898736588635849,0.6926610616595638,0.6712942789754054,0.6480218559814183,0.798280935558565,0.7466973236603127,0.6555995891647373,0.7017457563126704,0.609205773405998,0.7243021406202644,0.6450656987825734,0.6638757482275668,0.7198901260216519,0.7670573047620087,0.5578624920322195,0.7545574727638491,0.6337780187656135,0.6960168880964879,0.6924718060936076,0.6806726219700632,0.7225858979105119,0.6924113142221017,0.6963023300345897,0.608611079761089,0.7390247388330088
19,0.0,0.0,0.0,0.0,0.0,0.0,0.0,0.0,0.0,0.0,0.0,0.0,0.0,0.0,0.0,0.0,0.0,0.0,0.0,1.0,0.7213288910004881,0.6820849025313608,0.6836928073945426,0.7151452263605411,0.8161319973864741,0.7897970253878672,0.8086184539223567,0.7261522078929504,0.7343297730832868,0.561335963485079,0.7804365489954858,0.6434450171827807,0.6884870437835777,0.6867503850803642,0.6641745136670449,0.6902306391154586,0.7781174267120324,0.7297859629700939,0.6834250875009871,0.689374396405603,0.7541055198146154,0.7093617225620262,0.7424691475757759,0.7276808321968252,0.7685175945520615,0.7350002370280337,0.6936714371001493,0.730649091751138,0.7412819346000664,0.6658058506043887,0.7185772396244674,0.6735685375859886,0.7272954306199045,0.774142924169998,0.8277320484230573,0.7283155602235705,0.7481694428310794,0.6325219312735548,0.7767938723970182,0.6569836617391337,0.6892021770465877,0.7532274139101182,0.7170625800179616,0.792335742660261,0.7483525530904716,0.7063710494712829,0.6853412442474149,0.6999462753241648,0.7664713292323431,0.7054741752573966,0.7953430900829078,0.6916810402675402,0.7974558574138092,0.6956374338222467,0.5993118808864427,0.729504177029924,0.6151301275807124,0.7053726185538196,0.6711096936978627,0.7201848489359699,0.727243192898653,0.7559900830799566,0.7541311175580447,0.7438478889354873,0.6876290092123128,0.6914174622951657,0.7248468237947958,0.6561091181764535,0.7622705986406471
20,0.0,0.0,0.0,0.0,0.0,0.0,0.0,0.0,0.0,0.0,0.0,0.0,0.0,0.0,0.0,0.0,0.0,0.0,0.0,0.0,1.0,0.7018075071399775,0.723133707840479,0.7076907340618632,0.7069653909951171,0.7943071758370623,0.7616794453178782,0.7748264081126186,0.7629547791241791,0.6986141332758316,0.8390646246986067,0.7992070359031729,0.7179640002256297,0.7677511371488793,0.7982056140320956,0.7447734570000194,0.7775463031102532,0.7985147287145805,0.6265162230172091,0.7529416043045637,0.7521477183732428,0.7681535550320133,0.8109386938540593,0.8597454509808127,0.7808312185342051,0.7407940162456449,0.7928009791485533,0.7771165870048298,0.7204489721349516,0.6558945865479515,0.8361314374016297,0.7810901784621872,0.8057810451034998,0.785763626329577,0.8216261876500344,0.7225930665059959,0.7984273744414022,0.8121891513407992,0.7235448389081847,0.7413214480350597,0.757315108448571,0.8156269282885696,0.7603376276129451,0.79388103625186,0.8090615850071041,0.7643260343837703,0.7550591155504922,0.7654316506034732,0.8905634210036154,0.7946753049658545,0.7936901361134243,0.7683548783443533,0.6943087673201431,0.7219799439902003,0.7483440312024996,0.7359716385165235,0.730628094751415,0.8734056895772114,0.5675575314193442,0.685828941614628,0.6952942000718463,0.7920741861250923,0.8122660598074265,0.7241715013117082,0.7698630537031838,0.7006093962430064,0.788998872962075,0.6418691306563269,0.7853021618409018
21,0.0,0.0,0.0,0.0,0.0,0.0,0.0,0.0,0.0,0.0,0.0,0.0,0.0,0.0,0.0,0.0,0.0,0.0,0.0,0.0,0.0,1.0,0.665246933993935,0.6972830129732605,0.6853221612555248,0.6930187187177843,0.6694446606066615,0.6690958179862531,0.7021162000920476,0.6237369511969362,0.724239586691793,0.5462662417141771,0.5858323598392272,0.6799870284137768,0.6955984379185739,0.6130318069073069,0.6660555331733956,0.6885030726899316,0.6061375956520845,0.6266891222299978,0.7332483008067374,0.6673819855793679,0.6611446444464077,0.6750018954502134,0.7312532487551426,0.7310760069027935,0.6948832680326777,0.6087757152453915,0.6167732987431496,0.6021833431724792,0.6700925244057513,0.7608416342380966,0.6897360284633459,0.6639594249796625,0.7367053720657463,0.5938338106377179,0.6939313639015289,0.6540632257942327,0.6765741415903199,0.6269121049263471,0.6851147772753411,0.6615371369874782,0.6979608805113616,0.6714396853180964,0.6736351475188678,0.6500665599569367,0.6919845892300379,0.7249312712758095,0.733741889977647,0.6552069342469085,0.7257302619892176,0.6461581940115191,0.6695420429420708,0.6196512315347247,0.5656476583021287,0.641189563341676,0.5774036207368942,0.6548193393400782,0.5903079750102959,0.5486698180967433,0.6423964962874202,0.7109136383171224,0.6315270251069144,0.682233038814852,0.602439810849937,0.6173930439574771,0.7140984596479805,0.6420148227384745,0.6727931756972602
22,0.0,0.0,0.0,0.0,0.0,0.0,0.0,0.0,0.0,0.0,0.0,0.0,0.0,0.0,0.0,0.0,0.0,0.0,0.0,0.0,0.0,0.0,0.9999999999999999,0.7383105076152384,0.7286765624844311,0.7748872264856703,0.7277967812903585,0.7072730288370574,0.8444151756970646,0.605161443617969,0.7478784941348624,0.692083934021861,0.6849596648968085,0.7440696149874589,0.7753702118889022,0.7256270679763871,0.7504423064500308,0.8171191340234557,0.6599383142085568,0.7417156160812096,0.802513505720065,0.7256302406599292,0.7637214596817061,0.8079556730702856,0.7739006142663744,0.6852010182752826,0.7316155298937309,0.718776850107588,0.741872736422772,0.6802083774692784,0.8008206743991964,0.7876420480506006,0.7923964554494539,0.758680407294542,0.7975697262055321,0.7319197978246196,0.7660582209859584,0.7451739736162182,0.6926031032384689,0.7304944748526427,0.7854624275359501,0.8188339342846324,0.7437286029704205,0.7347858182625857,0.7374931759454271,0.7027132468702663,0.7317233567617044,0.75310653190581,0.8466034741650384,0.826090432559614,0.737472082112809,0.6856826169589285,0.8034519246441107,0.6268032142000811,0.6883692510451271,0.7188487208820621,0.7409926962350968,0.8186922068222032,0.5576345728447565,0.6568064441077704,0.6582793576909558,0.7723076321782516,0.7282642779919668,0.6506636934114666,0.754513584701212,0.6976154067917915,0.7668071986144678,0.5805909513820947,0.7665031951376104
23,0.0,0.0,0.0,0.0,0.0,0.0,0.0,0.0,0.0,0.0,0.0,0.0,0.0,0.0,0.0,0.0,0.0,0.0,0.0,0.0,0.0,0.0,0.0,1.0,0.6866707215347064,0.7246226779703264,0.696597249867873,0.7047272746738948,0.7692912267173724,0.6118304298005539,0.7772572562790006,0.6238208005316787,0.6544387611505987,0.6453205985945935,0.7127266484345031,0.7916813694906863,0.7432091301924669,0.7866885914899788,0.6037219234447161,0.6931476735980585,0.7927980471942513,0.6582970395549635,0.7294549404717152,0.6756280578601579,0.6653472283974827,0.6722923997607206,0.6777526759604247,0.7279127761025067,0.7335496587919886,0.6860506901055137,0.7191347532372016,0.7226546909027595,0.7324426613925331,0.7609590324371437,0.7591786668165273,0.7060239602186142,0.6792017838943206,0.70063805223366,0.7198306203307595,0.6715119900901443,0.7320386086142957,0.6830221349774823,0.7581490061708066,0.7182386237639273,0.7021970080075246,0.689694563748493,0.7008152082764681,0.7171021226656459,0.7787436860236175,0.7769675437661211,0.7269346735138364,0.6942531671322657,0.7292989434731002,0.6069314775801828,0.6809282285889139,0.6994692111768075,0.6840405400660646,0.7448498756829857,0.5287161041121918,0.6599888286306097,0.6328249577680802,0.7227102988089468,0.7031695952767247,0.6441436553860374,0.6699000117662788,0.6813653219270478,0.7085976024029503,0.5413611314179798,0.7418669261164034
24,0.0,0.0,0.0,0.0,0.0,0.0,0.0,0.0,0.0,0.0,0.0,0.0,0.0,0.0,0.0,0.0,0.0,0.0,0.0,0.0,0.0,0.0,0.0,0.0,0.9999999999999998,0.7550275598022149,0.7416560415897022,0.7252402382732979,0.716275413087102,0.6850724808341144,0.800717381683307,0.679803012214279,0.6692213683453834,0.7383534901730225,0.6830830923630832,0.668623827313888,0.6890717266033505,0.7257591051405391,0.6785749687815817,0.7542374245527732,0.7599860398760991,0.6999597443589444,0.7081504546168754,0.7445677415852557,0.7742768876222551,0.732093785712228,0.6708195890370309,0.675968136895293,0.6909098461486851,0.6567503835264743,0.765199892927364,0.7345408481462355,0.7718354112606775,0.7641789931157105,0.78895215073441,0.7190312373448488,0.756256535222391,0.6430366478525371,0.70244280951937,0.7349104132577688,0.829608225100186,0.7734060606727771,0.6740707518077576,0.8222161520257684,0.7520232021428094,0.6982054059629778,0.7105423174684723,0.67798721151003,0.795129400894985,0.7500250730202082,0.7101118825336596,0.7519757063705383,0.7776475625520393,0.6716426605042922,0.6959707877232808,0.7442543692147693,0.6323484109094683,0.672058769710628,0.6798108896788629,0.6693739359459571,0.6159467583683157,0.7181979297231414,0.748846114290097,0.7080663040616361,0.7020696315061552,0.6740507980082477,0.7505573247452487,0.6793797309744338,0.7794213191245315
25,0.0,0.0,0.0,0.0,0.0,0.0,0.0,0.0,0.0,0.0,0.0,0.0,0.0,0.0,0.0,0.0,0.0,0.0,0.0,0.0,0.0,0.0,0.0,0.0,0.0,1.0000000000000002,0.7679100687159273,0.7782423908469076,0.830306520301791,0.6873535328546883,0.7991470060002884,0.7651903346431691,0.749198339643127,0.7104413092081596,0.8007004618031363,0.7557790217900013,0.8324619900818699,0.8256185955716058,0.7082852132320625,0.7051562198976001,0.7999882968306242,0.7395458629630821,0.7908513876225426,0.84620941975096,0.8606502222652251,0.7816152431817108,0.7556318883175688,0.7361696087766059,0.789818464561792,0.7121324144913119,0.8064403143151808,0.7977437010108245,0.8289494678623589,0.8215415314059281,0.8845889058348004,0.7895370976367679,0.8084011792777397,0.7471207660608224,0.7183433698452317,0.7250294253853088,0.7788767112267568,0.8427523477953333,0.7608211840988633,0.7849370363094454,0.7938895464043264,0.7805378171003649,0.7826586174183294,0.7924409392907946,0.8763624601107778,0.8287810020814432,0.7448671162831754,0.7862482396824024,0.7819171935285959,0.776204837731404,0.7625551207693868,0.7980626533864227,0.7550617069626994,0.7851070930750436,0.6094409483110598,0.7409581078909944,0.7688698434486491,0.8413232733256228,0.8858857702844561,0.7275461248637395,0.7774776417151441,0.7065245131620247,0.7899392170597805,0.7284770611910767,0.8252486672174338
26,0.0,0.0,0.0,0.0,0.0,0.0,0.0,0.0,0.0,0.0,0.0,0.0,0.0,0.0,0.0,0.0,0.0,0.0,0.0,0.0,0.0,0.0,0.0,0.0,0.0,0.0,1.0,0.7481450313548882,0.7656308983387294,0.6584794313791669,0.7539495512202017,0.7387075242168869,0.7080570518882764,0.6912394630212244,0.7591984219562852,0.721088074403055,0.7189525538493169,0.7802793838721411,0.6669158807251105,0.7017804889706398,0.7338406272349958,0.7108113765036455,0.7327020202631512,0.794317566525818,0.7771047579778981,0.7258720592120079,0.7097321207401937,0.7109902294132106,0.8002316667762042,0.7332926807689357,0.8271696121665016,0.7413704304504101,0.8145668581106789,0.784077851503738,0.7836485550304207,0.7188328578899642,0.7630410159452804,0.6698298791315163,0.7019159323047989,0.7139794436338347,0.7173024175108367,0.7502198539925581,0.7681070919321941,0.766690571684832,0.7996889645103102,0.7438741024640119,0.7602224101931102,0.7649926646624932,0.832701378528806,0.7740300937302531,0.7522384227866739,0.7732641538677191,0.690824072689467,0.7209215519634216,0.6683953753618336,0.6968077349743154,0.7402546909479171,0.7683232561167763,0.6352826771492956,0.7160729618741629,0.7145235337971942,0.7500039098962802,0.763306605663277,0.712838791239673,0.7234982915831887,0.7078823939636758,0.7748964019707255,0.656836859629202,0.7826879457195817
27,0.0,0.0,0.0,0.0,0.0,0.0,0.0,0.0,0.0,0.0,0.0,0.0,0.0,0.0,0.0,0.0,0.0,0.0,0.0,0.0,0.0,0.0,0.0,0.0,0.0,0.0,0.0,1.0,0.8125502594355066,0.8172081006440638,0.7712590577568212,0.7416254754184155,0.7262514493529705,0.7649572361322274,0.7778301462905469,0.7838181443809422,0.7518955310551402,0.7776681230781216,0.6426236845720327,0.6867977002780346,0.7783512674933389,0.7018883270673112,0.7289101023250183,0.7907246533665503,0.7408526059142891,0.7423712744502241,0.6974609441580566,0.6963613460331264,0.7863841853808129,0.7552740878931565,0.7921150367617801,0.7334061361102979,0.8217348075334949,0.8004544469190725,0.811425936885041,0.7167088374385595,0.7826001049021505,0.7229992252785172,0.7076667979841662,0.6654165668156676,0.7708915068263404,0.76114381759539,0.7814056027438949,0.7431025930703,0.7416368343996775,0.7873613974614739,0.8158637526649588,0.7248647410922965,0.8621985595152598,0.7923627406374686,0.7546528106984458,0.7981514298661905,0.7062250937516453,0.7178097017055857,0.7128410937083806,0.6870144250564267,0.772814061181222,0.7877718064125476,0.647605102691474,0.659852681176862,0.7424209050764525,0.7691895287985857,0.8046520745105944,0.7625522955840931,0.7253280319801259,0.7375482574192109,0.7377742725510569,0.5864409425904045,0.8025084048735465
28,0.0,0.0,0.0,0.0,0.0,0.0,0.0,0.0,0.0,0.0,0.0,0.0,0.0,0.0,0.0,0.0,0.0,0.0,0.0,0.0,0.0,0.0,0.0,0.0,0.0,0.0,0.0,0.0,1.0000000000000002,0.6766963425861114,0.7784604962893874,0.7167755736036455,0.6999740647025374,0.7827573387116203,0.8182689876498975,0.71040548390486,0.8460093190600035,0.8517055052582464,0.6422215705267228,0.7528004231767079,0.8398959260254357,0.7087253926550315,0.8044502329374785,0.8695769008452233,0.7639718010155792,0.7105704739707941,0.754008768709345,0.7683570560177657,0.7920513835931917,0.7383166310327487,0.8305787023429999,0.8009614620143448,0.8639308595675605,0.8448763257327446,0.8087805006064689,0.7755293686880369,0.7991070644193403,0.7543048365875239,0.7744073568432476,0.6823603108934458,0.787719622905628,0.8409906562851185,0.8047293842125596,0.7572011165368769,0.7774561333385062,0.7628001971048674,0.8380914166543155,0.7889276652092191,0.904539822289035,0.8680953611953844,0.7830428988588725,0.7425787840287843,0.7614267667978215,0.7135059394765552,0.7262261437377896,0.7699426419380678,0.8365288430724943,0.8308897577980279,0.5734613262775613,0.6795419394146736,0.7048652622237103,0.8174146768795177,0.7963159814205962,0.7482679453390408,0.7976664740075654,0.7209939752429473,0.7399136300670095,0.5760066334988456,0.8167481296766307
29,0.0,0.0,0.0,0.0,0.0,0.0,0.0,0.0,0.0,0.0,0.0,0.0,0.0,0.0,0.0,0.0,0.0,0.0,0.0,0.0,0.0,0.0,0.0,0.0,0.0,0.0,0.0,0.0,0.0,1.0,0.7507088142990014,0.603954298205813,0.6035182571577938,0.6579532753389504,0.7081702305084178,0.6131583632893781,0.5961710450937704,0.6957980788025853,0.5012912037500126,0.6389945799912509,0.6596880511863723,0.5932367290626607,0.6120488718241367,0.6985672777541042,0.6308827662874614,0.6224787307174487,0.6632445350108424,0.5781341767108735,0.6536054064464467,0.6088254481503984,0.6866555804996846,0.6812089082358971,0.680357062945835,0.6861519237665857,0.6845688758199067,0.6051892253388751,0.7095018336463969,0.638360165210937,0.5592052113609578,0.6233545285862763,0.6976346818255109,0.6177053052330134,0.6481229028072889,0.6928284858120353,0.6294795834500356,0.6532150330361826,0.6525159745462096,0.663977019404639,0.736579517375389,0.7079412375475956,0.5846059258992705,0.7445239203647958,0.5925485988704796,0.5737271344022583,0.640379007859618,0.5974761330651487,0.6441687327802579,0.660207275143843,0.5418418507701641,0.5896187796871818,0.5325292466257189,0.7071034226301991,0.6681058167502502,0.6369141562763613,0.5968087028639282,0.5936834652377615,0.6718532596105248,0.5061021359481175,0.6610388855060219
30,0.0,0.0,0.0,0.0,0.0,0.0,0.0,0.0,0.0,0.0,0.0,0.0,0.0,0.0,0.0,0.0,0.0,0.0,0.0,0.0,0.0,0.0,0.0,0.0,0.0,0.0,0.0,0.0,0.0,0.0,1.0000000000000002,0.6721921637112237,0.7327622415512758,0.7483675994191021,0.7428028715190119,0.7451643455840482,0.7790881617726524,0.8161705237019554,0.6445119257981828,0.7389210000571044,0.7943331353857737,0.7455976429803629,0.7673259276979738,0.7772827266322391,0.7861808221558527,0.6942340053349039,0.774077990061954,0.7603251360011131,0.7765033807942103,0.655790316274189,0.8044904275943079,0.7798848348788131,0.7894913298259458,0.7896211108663559,0.8555064001106929,0.6954309940762732,0.8379690599399606,0.7131823238574267,0.7626205784511204,0.7631024712024025,0.8032712890384971,0.8263704330906411,0.7827429078301957,0.812342881396681,0.8029255934125056,0.7825025530984089,0.7719086585758547,0.8257900937555611,0.848338425651665,0.8068353108781171,0.7764206987289529,0.7611651791551299,0.7537902037217239,0.6819206737775876,0.7439498952342951,0.7647947620932433,0.692551158614521,0.8061277740814732,0.6129172894875033,0.7210286233431731,0.6285279043267046,0.7845394249231988,0.7576019752505097,0.7292811540508353,0.7591332723839789,0.730764245826318,0.76779477349991,0.6091093443058552,0.7774609040815308
31,0.0,0.0,0.0,0.0,0.0,0.0,0.0,0.0,0.0,0.0,0.0,0.0,0.0,0.0,0.0,0.0,0.0,0.0,0.0,0.0,0.0,0.0,0.0,0.0,0.0,0.0,0.0,0.0,0.0,0.0,0.0,1.0,0.7302778492217692,0.7065062646829225,0.7143077753960897,0.7300520661949559,0.7059338565223445,0.7514218064440513,0.5636754950694294,0.588619293290988,0.636818412240975,0.6938617717175863,0.6830083720183271,0.7645193891112653,0.7204782844956867,0.6338383309119647,0.6841414572578379,0.7195070778212067,0.7355172513615502,0.6332562827087693,0.7632635895291112,0.6662360067852504,0.7570042325830189,0.7583399375591399,0.7309095496150019,0.7270254055672831,0.7028991719418306,0.7416326940347399,0.5669272743083017,0.6571484436310763,0.7056505083300428,0.7595914743350413,0.6422307512212244,0.6909722388268396,0.6915473715845591,0.717778476740495,0.6916444567119193,0.6208441816843816,0.8475397122042829,0.7468249533385705,0.6575287471646432,0.6959790565004397,0.5967763797280742,0.6640632536981261,0.6953206972855713,0.688310753966254,0.7103325597695596,0.7706702546757591,0.6363952549325732,0.6401061238176265,0.6918479794814635,0.6968916315130469,0.8117009933137667,0.6838633137209209,0.7415911753991891,0.6893897705323376,0.7608605562251748,0.6325156597409642,0.7657057492831932
32,0.0,0.0,0.0,0.0,0.0,0.0,0.0,0.0,0.0,0.0,0.0,0.0,0.0,0.0,0.0,0.0,0.0,0.0,0.0,0.0,0.0,0.0,0.0,0.0,0.0,0.0,0.0,0.0,0.0,0.0,0.0,0.0,1.0,0.7113829972133775,0.6539805875693796,0.7220863177034001,0.6753758607119266,0.6754084108500295,0.5726979440637434,0.6198774684614249,0.7013077503218272,0.7065453059281785,0.6135449316038473,0.7555266206688345,0.7551552590767957,0.6557716363718821,0.6896174728594603,0.6827304933753588,0.6914264576435996,0.683535183044103,0.7556979824286777,0.6539765466858357,0.7566513557798605,0.6963516647558118,0.7306766716598224,0.7300015240024813,0.8015861302525659,0.6802750270584172,0.6412378799354864,0.7304407573326138,0.7469874550565582,0.7074041321892586,0.7968363701652516,0.6589717097739837,0.7203720983724844,0.7946668572532116,0.6986647032766591,0.707156602275749,0.7783281214271287,0.7041270949713064,0.6831153571764219,0.6316785437836904,0.6574104467192178,0.6774227109400244,0.7273563690704901,0.7200834969856661,0.6795462335354889,0.7494279251324135,0.6312589050237423,0.6819764437190559,0.6645548304533178,0.6927403854449946,0.732330826104618,0.7702796102372839,0.7691338784753601,0.9225607624557325,0.6960822106243811,0.6349961742363861,0.7253320970469266
33,0.0,0.0,0.0,0.0,0.0,0.0,0.0,0.0,0.0,0.0,0.0,0.0,0.0,0.0,0.0,0.0,0.0,0.0,0.0,0.0,0.0,0.0,0.0,0.0,0.0,0.0,0.0,0.0,0.0,0.0,0.0,0.0,0.0,0.9999999999999999,0.7224544170453412,0.6863545305086511,0.7260676205144242,0.7565659182403041,0.629660157562754,0.6990965032109567,0.734325455559997,0.7697168278624935,0.7512084841263874,0.8131126639920461,0.7429442494482734,0.7072809092137351,0.7678390185777424,0.7232771749357904,0.693884440245423,0.730934627120135,0.7907131410083449,0.7589993555122847,0.7893917790824915,0.7867395167813259,0.7640241024888417,0.744004316557156,0.7931827015758259,0.7120275557794833,0.6814693146001068,0.6780072453097101,0.7837925953675364,0.8114252299134175,0.7318666698235909,0.7469442750075087,0.7557057112692227,0.7163049148451546,0.7886057623784917,0.6889365332397016,0.8323378919515304,0.762814782643603,0.7121071041634597,0.6942730627976018,0.726780433110572,0.6672996733091556,0.6791195994798218,0.6825239752656476,0.7547478028275973,0.7614351077004865,0.6431565852131589,0.637500510970406,0.7009471926481579,0.7463924020136942,0.7199555093751876,0.7248270569540739,0.7964837860032618,0.712925832410024,0.7566527817204706,0.6044754732320737,0.7226520176178393
34,0.0,0.0,0.0,0.0,0.0,0.0,0.0,0.0,0.0,0.0,0.0,0.0,0.0,0.0,0.0,0.0,0.0,0.0,0.0,0.0,0.0,0.0,0.0,0.0,0.0,0.0,0.0,0.0,0.0,0.0,0.0,0.0,0.0,0.0,1.0000000000000002,0.719862802483364,0.7360570609536413,0.7867181362303165,0.5971038930779072,0.7619698017362586,0.7568646376776638,0.7336181714860135,0.8016820526085502,0.8537537656776006,0.7713521642351177,0.6876364475056224,0.7818626168223377,0.7340893527489942,0.7272642885012985,0.6915474045809884,0.8150187714132979,0.8893513138194972,0.7955267971176727,0.7560962946466732,0.760982885315311,0.7651041918570124,0.7137398276118221,0.7084428353296104,0.6848664772482529,0.7222411235832711,0.7226400013772979,0.7907720262114682,0.7427397838585211,0.707382270592456,0.7271241933020745,0.7161627671565258,0.7873162774122651,0.7069807539516623,0.8687015427462383,0.8018661898027292,0.7230648015334445,0.7922651443422872,0.6877668499810393,0.6644886683833701,0.732642117635535,0.6559426841825458,0.7543211680219811,0.7576191041802827,0.5650945200140934,0.6058312363907246,0.6850352675041851,0.8678425973228967,0.7625878757001477,0.7090784777723266,0.7535269633217984,0.6523959001228515,0.7431647554897166,0.5980062454774994,0.7676155139328756
35,0.0,0.0,0.0,0.0,0.0,0.0,0.0,0.0,0.0,0.0,0.0,0.0,0.0,0.0,0.0,0.0,0.0,0.0,0.0,0.0,0.0,0.0,0.0,0.0,0.0,0.0,0.0,0.0,0.0,0.0,0.0,0.0,0.0,0.0,0.0,1.0000000000000002,0.7126039373980875,0.7506082295678295,0.5949784633801988,0.6449253239365328,0.7259969132325166,0.7318461416082653,0.7106388210325095,0.7226007742661716,0.7087730720381716,0.664790484876454,0.6899752024636862,0.6948075542592373,0.7822274067952693,0.71545594649881,0.7485192478649437,0.7152476269811242,0.7469321143229757,0.7623865748441722,0.7600219067840372,0.7334699199658291,0.7602316388524556,0.6823671222354858,0.6435358859581515,0.6958705031219896,0.7158170518156446,0.7470152792644276,0.7430616766239639,0.6966329223112,0.6824701097927337,0.7593159123489521,0.7092421906335226,0.6846524991289222,0.8097522238014098,0.7383345285757086,0.6941368704710946,0.6997618569637813,0.6681552897535673,0.6685011962843908,0.6495122556796583,0.6894693268382205,0.6879367385271484,0.7631855616161992,0.5757359283658967,0.684732593746919,0.6816383656270486,0.7208627073730831,0.7556900897738313,0.6483328496016745,0.693343066330532,0.7086611888430778,0.729086185050123,0.6073171167767852,0.7529603936239926
36,0.0,0.0,0.0,0.0,0.0,0.0,0.0,0.0,0.0,0.0,0.0,0.0,0.0,0.0,0.0,0.0,0.0,0.0,0.0,0.0,0.0,0.0,0.0,0.0,0.0,0.0,0.0,0.0,0.0,0.0,0.0,0.0,0.0,0.0,0.0,0.0,1.0,0.8235273679106764,0.7403812091533614,0.7106529904273203,0.797957936763107,0.7019389674381178,0.8180435771046157,0.7694880361441869,0.7365380355836791,0.7190519063800775,0.7483705466851297,0.7564972809981659,0.7641239212862129,0.7288344149584,0.7457902898941604,0.7336299187825429,0.7813057516098431,0.8417194589175201,0.7888498627231911,0.7150649907470678,0.7458694985551824,0.6984538430399434,0.7643864719189374,0.681878663818829,0.7427433252397102,0.785348166910467,0.74799154729042,0.7549513484752636,0.7571184476119626,0.7155725105380479,0.7857014864600018,0.7659742793462709,0.8349950109757573,0.8141607435656636,0.7520905476946307,0.6849282950429866,0.7295018439440598,0.752657702719258,0.6950988864930072,0.7474130118093625,0.7651250788545461,0.8100199692596175,0.5920057128136774,0.7200240648772641,0.7459255513545654,0.7595514602228072,0.7758032055237678,0.6714341879757675,0.7232074266290176,0.6651453213033045,0.6968622813110205,0.6832429455626805,0.7498075022067799
37,0.0,0.0,0.0,0.0,0.0,0.0,0.0,0.0,0.0,0.0,0.0,0.0,0.0,0.0,0.0,0.0,0.0,0.0,0.0,0.0,0.0,0.0,0.0,0.0,0.0,0.0,0.0,0.0,0.0,0.0,0.0,0.0,0.0,0.0,0.0,0.0,0.0,1.0000000000000002,0.6491589061345365,0.75554919529057,0.7908006216239559,0.7411722557272907,0.8015552707461333,0.8148871235434,0.7753635115661784,0.7267814911603612,0.7587802708348304,0.7615887159409089,0.7691062196374051,0.6789766693595725,0.8249179859975292,0.7551756286440636,0.7967801314185775,0.8010998432551396,0.7999276117026245,0.7519903434329913,0.7768707821660457,0.7326587387075636,0.7709574848837207,0.7074185932112388,0.7761639661144204,0.7939523026623245,0.7590400061382974,0.8055415351997848,0.7704087435187033,0.7721171577413912,0.8610760095741166,0.7551881020486674,0.8810356502126564,0.8765406854167132,0.7387290013106447,0.8308114020727561,0.7565214341337418,0.7132430554854652,0.7735034633696288,0.7356855318578603,0.7525954419772466,0.8533636047140477,0.6150528931527802,0.7183582516143019,0.7107456852996996,0.8317198323099982,0.7935706900702909,0.6924265108692343,0.7609510308234644,0.6730372059498972,0.7611686091800091,0.6181025832202912,0.80436518543482
38,0.0,0.0,0.0,0.0,0.0,0.0,0.0,0.0,0.0,0.0,0.0,0.0,0.0,0.0,0.0,0.0,0.0,0.0,0.0,0.0,0.0,0.0,0.0,0.0,0.0,0.0,0.0,0.0,0.0,0.0,0.0,0.0,0.0,0.0,0.0,0.0,0.0,0.0,0.9999999999999998,0.5954691624150878,0.698541324813899,0.5679593160319105,0.6501659646663535,0.634692570392381,0.6409676596900761,0.6602883957765945,0.6146355380561559,0.5970200217303056,0.6797078758662098,0.6277973577015533,0.6770108058950762,0.6462742293134389,0.6329379154286028,0.6690954219387044,0.6905556437590288,0.5980395850811306,0.6337625406687264,0.5923620668426481,0.6270659636714078,0.5849837931276428,0.6417211146405103,0.6895386574925915,0.6569991829610153,0.6477096324692467,0.6799643045701852,0.5866771857033664,0.6591785816546464,0.6061820411169905,0.6985789448125537,0.68897323865519,0.6821038181242508,0.5721621497153587,0.6629734427416066,0.6750195571533083,0.49995427430209605,0.6222472867475021,0.6111397187932311,0.6168830453095034,0.4441701118853126,0.6402386966873704,0.6669462268292231,0.6008892126576036,0.6547585513622071,0.5913611802586329,0.641240502653129,0.5956384551314855,0.6196101151957403,0.7069232879662886,0.6607639679058369
39,0.0,0.0,0.0,0.0,0.0,0.0,0.0,0.0,0.0,0.0,0.0,0.0,0.0,0.0,0.0,0.0,0.0,0.0,0.0,0.0,0.0,0.0,0.0,0.0,0.0,0.0,0.0,0.0,0.0,0.0,0.0,0.0,0.0,0.0,0.0,0.0,0.0,0.0,0.0,1.0000000000000002,0.7565521036398015,0.6716612844672241,0.7328002543875142,0.7714793890515859,0.7034572889784643,0.6094160751166583,0.7424387754146315,0.7118238638030949,0.6969385170056475,0.6330102621822887,0.7857676503479861,0.7353958393341171,0.7198891096418764,0.746427157532737,0.7456474418196994,0.7149455617965146,0.7312252652711355,0.653319417964539,0.7058411310243599,0.6691137519831175,0.7149892053320898,0.7228629170506751,0.6900813961165341,0.7233395009730904,0.7036891914050526,0.7521054674420293,0.7168548388504623,0.7370303507258888,0.8079434489517047,0.8155918685591007,0.6698712363985099,0.6952946929807268,0.7136167739438997,0.570533993997753,0.6844927030028235,0.6970623643181298,0.683999801251613,0.7535196518137198,0.5569094652930624,0.6414513073179623,0.5267551028866408,0.7116454623969187,0.7053338027881151,0.6428974490023833,0.7267886737215432,0.627081039057539,0.6472238873922413,0.491920896050782,0.6829326031817662
40,0.0,0.0,0.0,0.0,0.0,0.0,0.0,0.0,0.0,0.0,0.0,0.0,0.0,0.0,0.0,0.0,0.0,0.0,0.0,0.0,0.0,0.0,0.0,0.0,0.0,0.0,0.0,0.0,0.0,0.0,0.0,0.0,0.0,0.0,0.0,0.0,0.0,0.0,0.0,0.0,1.0,0.7186243029146189,0.7215232299473068,0.7875325091629913,0.744372256097958,0.716642021174412,0.7316353862971982,0.7247482213732007,0.7292456050923926,0.7386523683821585,0.7645492166594965,0.7992826468067066,0.8234899567087978,0.8017189431066177,0.8164129750381676,0.7728925621582939,0.7712629984397832,0.7138504825499656,0.7841247297616284,0.748689335039184,0.8267870219462958,0.7759828733149766,0.8333444078746597,0.7749886521183499,0.7929172581141459,0.7671726050172191,0.7562103681454994,0.7600075451643893,0.8510417325320412,0.8032355362169239,0.7417128051515894,0.745125852158544,0.8046307758676874,0.6803051337501953,0.7250496031558853,0.751406512756726,0.7541667593114288,0.785241195617662,0.511288534073847,0.6613916972896364,0.6931560078087845,0.7792095490702499,0.7687442769281441,0.7076093388041144,0.7565881857639559,0.7345853939285094,0.7338012592426839,0.6278782834157545,0.8008293132288852
41,0.0,0.0,0.0,0.0,0.0,0.0,0.0,0.0,0.0,0.0,0.0,0.0,0.0,0.0,0.0,0.0,0.0,0.0,0.0,0.0,0.0,0.0,0.0,0.0,0.0,0.0,0.0,0.0,0.0,0.0,0.0,0.0,0.0,0.0,0.0,0.0,0.0,0.0,0.0,0.0,0.0,1.0,0.7259335001105949,0.7932374029040264,0.71577778954248,0.7077753161779128,0.753517760265103,0.6791784096622434,0.6463720042404132,0.6219008087795247,0.7323034893014242,0.7639894827594548,0.7947956285139129,0.7356639805494252,0.7391671276813562,0.753008086176976,0.7823000084262205,0.6471443578501856,0.6353101340332832,0.6971369615078034,0.7559452863068927,0.8023980460750715,0.7759158288271056,0.7328087837730128,0.7132384647475793,0.7416505720777119,0.6680952140684381,0.7225533684795671,0.7856141462339213,0.6845637218373112,0.7417336919887809,0.7128205235462747,0.687312473683064,0.6621125447393595,0.6612526483193654,0.6402913349623166,0.668715285651497,0.7537751064879565,0.5724537862595924,0.6019850702799171,0.6571256535537182,0.7816256020144384,0.7608021190850253,0.7027322060107998,0.7213766716347392,0.7369213161599755,0.7135687536732673,0.5456998649324579,0.7305889060486486
42,0.0,0.0,0.0,0.0,0.0,0.0,0.0,0.0,0.0,0.0,0.0,0.0,0.0,0.0,0.0,0.0,0.0,0.0,0.0,0.0,0.0,0.0,0.0,0.0,0.0,0.0,0.0,0.0,0.0,0.0,0.0,0.0,0.0,0.0,0.0,0.0,0.0,0.0,0.0,0.0,0.0,0.0,1.0,0.8029387425556449,0.7104489746061805,0.7140710859943,0.7752125742848922,0.8002244711920347,0.7710522273862548,0.6815585678959447,0.7804951748962192,0.785314525912574,0.7692506324282422,0.785152104720758,0.8054415347052467,0.7070889628053426,0.743224986229707,0.7521091710280202,0.7246375524311466,0.6659048093507294,0.7030712255978012,0.8033038448745573,0.7204229995514753,0.7622212577153686,0.7528343480088389,0.6864096971752561,0.7554534563197061,0.7100935150637302,0.8368451712645728,0.8029196967356059,0.7737250112292554,0.7419138378491301,0.7425917977295431,0.714887253995678,0.6970227457430268,0.7033870108945312,0.7795866010154616,0.8039840777560946,0.560075488649648,0.7696288182973013,0.7072108591063165,0.7819269950416593,0.7284867570349204,0.6711611196360519,0.6832495336784661,0.6192353697550417,0.7289972323716706,0.5927463659862102,0.7441991444443431
43,0.0,0.0,0.0,0.0,0.0,0.0,0.0,0.0,0.0,0.0,0.0,0.0,0.0,0.0,0.0,0.0,0.0,0.0,0.0,0.0,0.0,0.0,0.0,0.0,0.0,0.0,0.0,0.0,0.0,0.0,0.0,0.0,0.0,0.0,0.0,0.0,0.0,0.0,0.0,0.0,0.0,0.0,0.0,1.0,0.8157778298667944,0.7379928786766242,0.7847685063127822,0.7679704682986347,0.7752889509291121,0.7108065100543721,0.870995496946632,0.8524268548788844,0.885532038309193,0.8198909809389622,0.8370546204269826,0.8262928620325778,0.8668137639399753,0.7695072073875693,0.7482026620203076,0.7723983532612292,0.8124323901665736,0.8768426767705313,0.8048486976965976,0.7775961126364356,0.8168404937677084,0.808240991720101,0.8139721830526104,0.7879134729042881,0.9179349664694658,0.8354730783058884,0.787467980646744,0.7629389114906316,0.752385661602301,0.6929939715449862,0.7822406917572994,0.7326635646229851,0.7836924408939777,0.8338442744431286,0.5895349286619359,0.6778728811262973,0.6867643182217367,0.8655970478240581,0.8229703779306378,0.7737373784194093,0.8192688033010112,0.73480865152054,0.8349014588828643,0.6150984911288717,0.8187732303538177
44,0.0,0.0,0.0,0.0,0.0,0.0,0.0,0.0,0.0,0.0,0.0,0.0,0.0,0.0,0.0,0.0,0.0,0.0,0.0,0.0,0.0,0.0,0.0,0.0,0.0,0.0,0.0,0.0,0.0,0.0,0.0,0.0,0.0,0.0,0.0,0.0,0.0,0.0,0.0,0.0,0.0,0.0,0.0,0.0,1.0000000000000002,0.7432172144766659,0.742038680424803,0.6955377434457479,0.7307143449452106,0.650071184334284,0.8158755077571985,0.7799344441405552,0.7915269009398938,0.7861312613055269,0.8595296872624064,0.728880696585859,0.8173156145406553,0.6906427614374718,0.6866503268608894,0.7752462142603013,0.7743834553789598,0.7946813065879992,0.7325015543683323,0.7528492005101756,0.7760441267447113,0.7870677683369343,0.765372899068746,0.7879413591814213,0.8434983674991995,0.7681856424807677,0.7710319513532164,0.745449758382923,0.7624413861465537,0.7128576114671697,0.7247663002561403,0.7659739640206803,0.6978052795737107,0.7625836371060614,0.6609257755561161,0.6770781684602702,0.7191699080261916,0.799022322448224,0.7761688515626256,0.7343797994958488,0.7707180781179085,0.7407200392599165,0.7829686033623877,0.7292955708340715,0.7930474015683281
45,0.0,0.0,0.0,0.0,0.0,0.0,0.0,0.0,0.0,0.0,0.0,0.0,0.0,0.0,0.0,0.0,0.0,0.0,0.0,0.0,0.0,0.0,0.0,0.0,0.0,0.0,0.0,0.0,0.0,0.0,0.0,0.0,0.0,0.0,0.0,0.0,0.0,0.0,0.0,0.0,0.0,0.0,0.0,0.0,0.0,0.9999999999999998,0.659651974260533,0.6300397388961844,0.6241834806770441,0.6914391052118067,0.7591838534716531,0.7248590595500202,0.8179699599716214,0.7175546728219838,0.7451711435206415,0.6592142452142395,0.6834700174097827,0.6851307664636235,0.6919168144470621,0.6400734488956215,0.7600219479819379,0.7198792529217091,0.7213390296108789,0.7360586182790917,0.7781958372293302,0.6248019802283202,0.6817208307695093,0.7474761331564916,0.7704645602161284,0.6952737956581265,0.7134289158105815,0.7646804818833671,0.65904922058292,0.7858441972211494,0.7016829694155533,0.7392098404222581,0.6614887492245204,0.6696636741937109,0.5839510509742645,0.5877922747634349,0.7639965721096905,0.7581755346011115,0.7937755871512042,0.7515825529103772,0.6656158999726035,0.6549280698809758,0.7000394121008626,0.6712194871862937,0.7909876351527093
46,0.0,0.0,0.0,0.0,0.0,0.0,0.0,0.0,0.0,0.0,0.0,0.0,0.0,0.0,0.0,0.0,0.0,0.0,0.0,0.0,0.0,0.0,0.0,0.0,0.0,0.0,0.0,0.0,0.0,0.0,0.0,0.0,0.0,0.0,0.0,0.0,0.0,0.0,0.0,0.0,0.0,0.0,0.0,0.0,0.0,0.0,1.0,0.8076794942965495,0.7544636107862329,0.6375203128025391,0.7766394305588503,0.8081909227870395,0.7321657445220502,0.7639453701627976,0.7763996970127496,0.7191769583472399,0.7826975211261926,0.7846813134268092,0.6538300877013955,0.7300926707197102,0.7264875758237603,0.7972883573023412,0.7647487877810318,0.8071463491685235,0.7055688004031435,0.7539047674327573,0.7103663496873073,0.720060649688765,0.8478371054122448,0.7569964106776099,0.7524587851600396,0.718636901966394,0.6191640329954502,0.6896108742076476,0.6443921207639417,0.7179313914678177,0.7777470430665073,0.7649911990068419,0.529036184303737,0.702791555041834,0.6666232543558757,0.7152804083904531,0.6936741523985782,0.6824533393319041,0.7673693376371192,0.6928720311010028,0.7283463772700329,0.624632277628599,0.7066958582546576
47,0.0,0.0,0.0,0.0,0.0,0.0,0.0,0.0,0.0,0.0,0.0,0.0,0.0,0.0,0.0,0.0,0.0,0.0,0.0,0.0,0.0,0.0,0.0,0.0,0.0,0.0,0.0,0.0,0.0,0.0,0.0,0.0,0.0,0.0,0.0,0.0,0.0,0.0,0.0,0.0,0.0,0.0,0.0,0.0,0.0,0.0,0.0,1.0000000000000004,0.7800637693749902,0.6330739191929287,0.7734837676520104,0.7407945824847709,0.738477313228464,0.7659743181318599,0.7734229411353898,0.6994163618253268,0.7427639858569259,0.7152673577529142,0.6835318504296726,0.6987333206818231,0.7007282002233715,0.7635945844578107,0.74595447987619,0.8078231706823639,0.7302591570716451,0.7304548394149349,0.7008173453492537,0.6933625281955029,0.8257715695730858,0.7798147231609477,0.7472113186072944,0.6713841813711062,0.6911917282683194,0.6604565715618343,0.6821006688273206,0.7229556030939714,0.748320532659893,0.7594999342211467,0.5795449847777521,0.7273749238608914,0.7152115386489966,0.7189122025226656,0.7264344294899404,0.6971897132500927,0.7143251459389155,0.6825687108981238,0.6959802708544529,0.6086422824352234,0.7341457590070124
48,0.0,0.0,0.0,0.0,0.0,0.0,0.0,0.0,0.0,0.0,0.0,0.0,0.0,0.0,0.0,0.0,0.0,0.0,0.0,0.0,0.0,0.0,0.0,0.0,0.0,0.0,0.0,0.0,0.0,0.0,0.0,0.0,0.0,0.0,0.0,0.0,0.0,0.0,0.0,0.0,0.0,0.0,0.0,0.0,0.0,0.0,0.0,0.0,0.9999999999999999,0.7207738944189974,0.7995264294454264,0.7150367299937977,0.7627676877306749,0.8131200231827973,0.7931303695351705,0.7279670363102898,0.7573035190383649,0.7160011100487673,0.6675908907224279,0.6753517270837414,0.7115397163015426,0.7753938543122789,0.7441895458881528,0.7604528527565004,0.7129675942347026,0.7759132384500753,0.7625594199791608,0.7275637795362132,0.8462595780494544,0.81598677941388,0.7428326808628237,0.6898880764530225,0.6698416644276347,0.665831436468536,0.6939150471392962,0.6948223697765091,0.7538915733907092,0.7811307086897363,0.5709929439944225,0.7395298170558092,0.718901751497973,0.7181367709682424,0.7486071037757489,0.6757937477970299,0.7576062733131,0.6763230517325933,0.768496738426136,0.5931151196621318,0.7480771246338888
49,0.0,0.0,0.0,0.0,0.0,0.0,0.0,0.0,0.0,0.0,0.0,0.0,0.0,0.0,0.0,0.0,0.0,0.0,0.0,0.0,0.0,0.0,0.0,0.0,0.0,0.0,0.0,0.0,0.0,0.0,0.0,0.0,0.0,0.0,0.0,0.0,0.0,0.0,0.0,0.0,0.0,0.0,0.0,0.0,0.0,0.0,0.0,0.0,0.0,0.9999999999999998,0.7011580273667992,0.6956954756243432,0.7870836186729042,0.732010534391102,0.7339371580961749,0.729566294220496,0.7139483769610802,0.6996205377986655,0.6810965271186681,0.6667946569649742,0.7259216592107645,0.7174942893276819,0.7404506819842044,0.6902542950190254,0.7486582055408637,0.7382523691600553,0.7482927065662403,0.6895659818278556,0.7545744166355582,0.727545673710063,0.7165414054639491,0.6111480442081646,0.6772393018337248,0.6714493873810997,0.6726246661184221,0.6484363950725393,0.6774370085050747,0.7398351679921987,0.5740665265782073,0.6593145918258361,0.6915364315866711,0.6754440152813621,0.6648733834635729,0.6431852799244049,0.7028353951327436,0.6579188767281795,0.7085635459489824,0.6304851181954719,0.7498480056602324
50,0.0,0.0,0.0,0.0,0.0,0.0,0.0,0.0,0.0,0.0,0.0,0.0,0.0,0.0,0.0,0.0,0.0,0.0,0.0,0.0,0.0,0.0,0.0,0.0,0.0,0.0,0.0,0.0,0.0,0.0,0.0,0.0,0.0,0.0,0.0,0.0,0.0,0.0,0.0,0.0,0.0,0.0,0.0,0.0,0.0,0.0,0.0,0.0,0.0,0.0,1.0,0.7859493256600352,0.8386140690677355,0.8215251892916894,0.8141149130245352,0.7527241256320365,0.8117590029053657,0.7581325512728339,0.7693554967905315,0.7973694782292191,0.7856450657050443,0.8424221608522319,0.7909520969433913,0.7819452657059072,0.8747889924411112,0.8173945686117371,0.8192754011947846,0.7910766807802552,0.9198209031104172,0.912968565011695,0.7611107658235449,0.7955103839519005,0.7053041326871055,0.7493527039443804,0.787011208502988,0.790578670636883,0.7998262680396682,0.8253974756739882,0.6150191615954652,0.7452142195481303,0.6777688176286567,0.7924668036284401,0.8183703605228471,0.7713345170032857,0.823221427704233,0.7534517701407724,0.7675361924160778,0.6253210470664444,0.827424579351623
51,0.0,0.0,0.0,0.0,0.0,0.0,0.0,0.0,0.0,0.0,0.0,0.0,0.0,0.0,0.0,0.0,0.0,0.0,0.0,0.0,0.0,0.0,0.0,0.0,0.0,0.0,0.0,0.0,0.0,0.0,0.0,0.0,0.0,0.0,0.0,0.0,0.0,0.0,0.0,0.0,0.0,0.0,0.0,0.0,0.0,0.0,0.0,0.0,0.0,0.0,0.0,0.9999999999999999,0.8374479090677536,0.784472719351768,0.7804616613531177,0.7844879984513219,0.7681457739944633,0.7262084666002451,0.6921953630426757,0.759943975061183,0.797381196320642,0.8287432462031104,0.7779251405579272,0.739856200073476,0.7532480535459757,0.7329917797557782,0.7408182175046535,0.7863789830551258,0.8594382327373633,0.798034088329201,0.7155281623380472,0.7500537388205639,0.7280149727106269,0.6805731638918155,0.7257769799078609,0.718916195682667,0.7466598619962727,0.7568482045248126,0.523357419617326,0.6006136007779391,0.6685350507132303,0.8148979893859969,0.7643615724501621,0.6639644514919608,0.7724283752738428,0.6777516704154659,0.7565541246609754,0.5931650571330586,0.7706490884568816
52,0.0,0.0,0.0,0.0,0.0,0.0,0.0,0.0,0.0,0.0,0.0,0.0,0.0,0.0,0.0,0.0,0.0,0.0,0.0,0.0,0.0,0.0,0.0,0.0,0.0,0.0,0.0,0.0,0.0,0.0,0.0,0.0,0.0,0.0,0.0,0.0,0.0,0.0,0.0,0.0,0.0,0.0,0.0,0.0,0.0,0.0,0.0,0.0,0.0,0.0,0.0,0.0,1.0000000000000002,0.8541535137603653,0.8302688505854112,0.7912070602131154,0.8096478909963518,0.7314019376470754,0.7503136609295478,0.7537225885013151,0.8681981100041628,0.8409823763099558,0.8180125329812459,0.7840122697811993,0.8048673764277569,0.770979626483928,0.7994463915175449,0.7942185306230448,0.9016105566907943,0.8132490372828446,0.7665764024802931,0.805797832455028,0.7365414405630716,0.758427579865229,0.7974034827206399,0.7550878008208731,0.8266309399621644,0.7874265763614682,0.5937223518954342,0.6861714789077779,0.7397386731430424,0.8095540186882726,0.8434808562716835,0.7622074209012284,0.7982057624022204,0.750929216015057,0.7875414413124501,0.6398284327495561,0.8644917633662229
53,0.0,0.0,0.0,0.0,0.0,0.0,0.0,0.0,0.0,0.0,0.0,0.0,0.0,0.0,0.0,0.0,0.0,0.0,0.0,0.0,0.0,0.0,0.0,0.0,0.0,0.0,0.0,0.0,0.0,0.0,0.0,0.0,0.0,0.0,0.0,0.0,0.0,0.0,0.0,0.0,0.0,0.0,0.0,0.0,0.0,0.0,0.0,0.0,0.0,0.0,0.0,0.0,0.0,1.0000000000000002,0.7935941697024856,0.7895984329041752,0.7855589916021563,0.7302006652644916,0.7457485455600958,0.7217894814215964,0.7739779422214637,0.7985700947489078,0.7874302011463526,0.7814073936056013,0.7940720724820074,0.7730954575067469,0.7937482130589772,0.7860208094220277,0.8842093356136832,0.8464238947776479,0.7610805379778269,0.7699413246533358,0.7060427009485792,0.7362058054616112,0.723726039735608,0.7488056810299166,0.7864101297863787,0.7992544290613254,0.5669972337268732,0.6974947846163349,0.7144695745059698,0.7642064731979049,0.8352757206050545,0.7373439502090049,0.7859041008146562,0.7052799010881009,0.7190461237205013,0.6467446249600382,0.8007093310268828
54,0.0,0.0,0.0,0.0,0.0,0.0,0.0,0.0,0.0,0.0,0.0,0.0,0.0,0.0,0.0,0.0,0.0,0.0,0.0,0.0,0.0,0.0,0.0,0.0,0.0,0.0,0.0,0.0,0.0,0.0,0.0,0.0,0.0,0.0,0.0,0.0,0.0,0.0,0.0,0.0,0.0,0.0,0.0,0.0,0.0,0.0,0.0,0.0,0.0,0.0,0.0,0.0,0.0,0.0,0.9999999999999997,0.7605340429635513,0.864051271391973,0.7947870948152099,0.7313347709942352,0.7553143526123529,0.8213277298440524,0.8678384905622911,0.7755914644519557,0.8185128353963086,0.8017098827147425,0.8090134420731303,0.7854599454961324,0.795070091678951,0.8867791771503708,0.8088291686138617,0.8095861702861179,0.7331290562857654,0.8189415365607104,0.7148483310549982,0.7081412680980192,0.7549356020086211,0.7417533141185945,0.8175664512923942,0.6576322507662192,0.7586817334345529,0.7185223447301533,0.7949254670400803,0.7973380916896181,0.745464064161678,0.7715216782127507,0.732716065872992,0.8381121224832612,0.6585154294098309,0.8408651114969279
55,0.0,0.0,0.0,0.0,0.0,0.0,0.0,0.0,0.0,0.0,0.0,0.0,0.0,0.0,0.0,0.0,0.0,0.0,0.0,0.0,0.0,0.0,0.0,0.0,0.0,0.0,0.0,0.0,0.0,0.0,0.0,0.0,0.0,0.0,0.0,0.0,0.0,0.0,0.0,0.0,0.0,0.0,0.0,0.0,0.0,0.0,0.0,0.0,0.0,0.0,0.0,0.0,0.0,0.0,0.0,1.0,0.7652276680191823,0.6738684017601801,0.7065090284493919,0.7047864909048338,0.7999543353763137,0.7925645301220694,0.7827943433120311,0.701618051605575,0.7273503761666651,0.8046082152694162,0.7362773933963305,0.7000269206814322,0.839399876172419,0.7968865188357792,0.7096402720993824,0.7157490015643114,0.7625282751059479,0.6047451032639537,0.7414178505059148,0.6932742632048378,0.7050933860990518,0.7555919333201816,0.5951156504597298,0.621100836849076,0.6595740168715417,0.8555273320312148,0.7939176289654906,0.6815664091552026,0.7755702140704476,0.752606341173808,0.7732378943320398,0.5325411216957627,0.7965040827122034
56,0.0,0.0,0.0,0.0,0.0,0.0,0.0,0.0,0.0,0.0,0.0,0.0,0.0,0.0,0.0,0.0,0.0,0.0,0.0,0.0,0.0,0.0,0.0,0.0,0.0,0.0,0.0,0.0,0.0,0.0,0.0,0.0,0.0,0.0,0.0,0.0,0.0,0.0,0.0,0.0,0.0,0.0,0.0,0.0,0.0,0.0,0.0,0.0,0.0,0.0,0.0,0.0,0.0,0.0,0.0,0.0,1.0000000000000002,0.7451765837171284,0.7383657116556142,0.781851735108787,0.8161670905394968,0.8165311922119421,0.7961099705718584,0.7831845155369884,0.7969933685380539,0.8699321945892559,0.7903077530621491,0.7838042314782591,0.8663033806792254,0.7771644726746584,0.7796097052026462,0.7125513081831322,0.7647766553496534,0.6719235153134552,0.7105189784849146,0.6986990701858539,0.7449553161637911,0.7914481496690475,0.6166583128164672,0.7171201787066332,0.6050463819608751,0.7674234737344806,0.7531385608768643,0.7551679158526999,0.7647831714796425,0.7704351525161144,0.7877124392268066,0.6235390981570372,0.7785402568392651
57,0.0,0.0,0.0,0.0,0.0,0.0,0.0,0.0,0.0,0.0,0.0,0.0,0.0,0.0,0.0,0.0,0.0,0.0,0.0,0.0,0.0,0.0,0.0,0.0,0.0,0.0,0.0,0.0,0.0,0.0,0.0,0.0,0.0,0.0,0.0,0.0,0.0,0.0,0.0,0.0,0.0,0.0,0.0,0.0,0.0,0.0,0.0,0.0,0.0,0.0,0.0,0.0,0.0,0.0,0.0,0.0,0.0,1.0000000000000004,0.6453884809763712,0.6459817220039406,0.7279365577468198,0.7642655863922568,0.6987970711952687,0.7466191053832724,0.7207251770444246,0.6535344171107051,0.7038078170802531,0.7046469975837174,0.8296877764460705,0.7565273267230659,0.7149920449997382,0.6821611942159783,0.6275752044325812,0.7121428424874285,0.6755357602792825,0.6902305409530142,0.7541418990550908,0.8384749216916615,0.4917650681938496,0.6363278981543917,0.6280026472002481,0.6439809652262382,0.7162547911356598,0.6478656150066068,0.7366336456264615,0.641052924670517,0.7281266989479879,0.5619852789961566,0.6975792735026097
58,0.0,0.0,0.0,0.0,0.0,0.0,0.0,0.0,0.0,0.0,0.0,0.0,0.0,0.0,0.0,0.0,0.0,0.0,0.0,0.0,0.0,0.0,0.0,0.0,0.0,0.0,0.0,0.0,0.0,0.0,0.0,0.0,0.0,0.0,0.0,0.0,0.0,0.0,0.0,0.0,0.0,0.0,0.0,0.0,0.0,0.0,0.0,0.0,0.0,0.0,0.0,0.0,0.0,0.0,0.0,0.0,0.0,0.0,1.0,0.6785652099503036,0.7107939834135533,0.7231775069575486,0.7439263592066868,0.7015351428194642,0.7906363187549811,0.7253642508552376,0.7511733609100292,0.7361571290527993,0.7798864590650653,0.7829414376960664,0.7373014335145472,0.7134943441666113,0.7507661722097558,0.6502539115520855,0.714781422692632,0.719560283707983,0.6800229118432015,0.7407586230263092,0.5664044966470704,0.6475962326557685,0.6157783995187243,0.7371154118949635,0.734232793321262,0.7069048085650034,0.6749669396913288,0.6423436582662317,0.673126813763528,0.5660316350349143,0.7409488284039982
59,0.0,0.0,0.0,0.0,0.0,0.0,0.0,0.0,0.0,0.0,0.0,0.0,0.0,0.0,0.0,0.0,0.0,0.0,0.0,0.0,0.0,0.0,0.0,0.0,0.0,0.0,0.0,0.0,0.0,0.0,0.0,0.0,0.0,0.0,0.0,0.0,0.0,0.0,0.0,0.0,0.0,0.0,0.0,0.0,0.0,0.0,0.0,0.0,0.0,0.0,0.0,0.0,0.0,0.0,0.0,0.0,0.0,0.0,0.0,1.0,0.8021476322344855,0.7450391790825092,0.792366240262433,0.7206744617873603,0.759174211571973,0.758022392705632,0.6889093844812592,0.738988543197196,0.7998580176979277,0.7568792012970877,0.6983976992003185,0.6850779768690481,0.7028575358424485,0.625220740039663,0.6930758876596222,0.7323039922444747,0.6877642011803744,0.7449291029644185,0.5943236070706143,0.6809062083783232,0.637360056541275,0.7170450735871153,0.7087295243584948,0.6689521187085464,0.7063173496526334,0.7386044619564511,0.7530876722456724,0.6849696860444393,0.7859427407964716
60,0.0,0.0,0.0,0.0,0.0,0.0,0.0,0.0,0.0,0.0,0.0,0.0,0.0,0.0,0.0,0.0,0.0,0.0,0.0,0.0,0.0,0.0,0.0,0.0,0.0,0.0,0.0,0.0,0.0,0.0,0.0,0.0,0.0,0.0,0.0,0.0,0.0,0.0,0.0,0.0,0.0,0.0,0.0,0.0,0.0,0.0,0.0,0.0,0.0,0.0,0.0,0.0,0.0,0.0,0.0,0.0,0.0,0.0,0.0,0.0,0.9999999999999996,0.8165040742966282,0.8093138331273892,0.8213372996087156,0.7991040392319704,0.7593292884590549,0.7497663834724916,0.758697831374779,0.8629158725760819,0.7909828707076991,0.7205483057289038,0.7694730687374576,0.8028939045787467,0.689773892587056,0.7819914037836926,0.7333880794126965,0.7659471562829886,0.7660166873748278,0.5901424203234363,0.6206751279128321,0.6383943347245984,0.7823610146540246,0.7539164107984903,0.6753341155326441,0.7713659989377929,0.7661272443836729,0.7986810117970676,0.6313299388800215,0.8541838743151319
61,0.0,0.0,0.0,0.0,0.0,0.0,0.0,0.0,0.0,0.0,0.0,0.0,0.0,0.0,0.0,0.0,0.0,0.0,0.0,0.0,0.0,0.0,0.0,0.0,0.0,0.0,0.0,0.0,0.0,0.0,0.0,0.0,0.0,0.0,0.0,0.0,0.0,0.0,0.0,0.0,0.0,0.0,0.0,0.0,0.0,0.0,0.0,0.0,0.0,0.0,0.0,0.0,0.0,0.0,0.0,0.0,0.0,0.0,0.0,0.0,0.0,1.0000000000000002,0.7771802624665545,0.7950915644428922,0.8022488924209434,0.7834209296513598,0.7806306738797208,0.7810770471113968,0.8982665564618656,0.8276925055281538,0.7857371058976629,0.7213220292589441,0.7590960035215927,0.7419951260025851,0.7476551349019112,0.8068023480042956,0.7387129522116842,0.8362283082713373,0.604683581736387,0.7325129514685177,0.7198008012183286,0.801203285761124,0.8170065864861819,0.7272144554448718,0.8368183851904778,0.7157462526577227,0.8178445196148653,0.6293296678802875,0.8179225115210527
62,0.0,0.0,0.0,0.0,0.0,0.0,0.0,0.0,0.0,0.0,0.0,0.0,0.0,0.0,0.0,0.0,0.0,0.0,0.0,0.0,0.0,0.0,0.0,0.0,0.0,0.0,0.0,0.0,0.0,0.0,0.0,0.0,0.0,0.0,0.0,0.0,0.0,0.0,0.0,0.0,0.0,0.0,0.0,0.0,0.0,0.0,0.0,0.0,0.0,0.0,0.0,0.0,0.0,0.0,0.0,0.0,0.0,0.0,0.0,0.0,0.0,0.0,0.9999999999999996,0.7071192525518246,0.8178750991624919,0.8243419895335217,0.745628740951397,0.7773862364344565,0.8436664264291235,0.7720278399180749,0.7707340754518853,0.7565848575856909,0.7205650652844573,0.6907239837120814,0.6878123715697227,0.7190066655971493,0.7793290217923722,0.7915937012407885,0.5151276013327368,0.7172440721043724,0.7277811611462988,0.8049509964588267,0.762128973264083,0.7765086561048987,0.7554115221277351,0.9012300825843741,0.7366612483864882,0.5950460771876372,0.8273512773582335
63,0.0,0.0,0.0,0.0,0.0,0.0,0.0,0.0,0.0,0.0,0.0,0.0,0.0,0.0,0.0,0.0,0.0,0.0,0.0,0.0,0.0,0.0,0.0,0.0,0.0,0.0,0.0,0.0,0.0,0.0,0.0,0.0,0.0,0.0,0.0,0.0,0.0,0.0,0.0,0.0,0.0,0.0,0.0,0.0,0.0,0.0,0.0,0.0,0.0,0.0,0.0,0.0,0.0,0.0,0.0,0.0,0.0,0.0,0.0,0.0,0.0,0.0,0.0,1.0000000000000002,0.7727840345894833,0.7248538098042105,0.7330484476608523,0.7211484415894184,0.8207636968478256,0.7568510430323815,0.7499970682378793,0.742271489114433,0.7284918340137821,0.7106609402691478,0.6975170232152128,0.7277565519114131,0.70917717106832,0.7810170029336454,0.5954204284939875,0.7384546029670285,0.6702425760749973,0.734366517732023,0.7302182583709544,0.6790474242298487,0.736201707621955,0.650872483531781,0.7577064460652463,0.7200775989191822,0.78576902653234
64,0.0,0.0,0.0,0.0,0.0,0.0,0.0,0.0,0.0,0.0,0.0,0.0,0.0,0.0,0.0,0.0,0.0,0.0,0.0,0.0,0.0,0.0,0.0,0.0,0.0,0.0,0.0,0.0,0.0,0.0,0.0,0.0,0.0,0.0,0.0,0.0,0.0,0.0,0.0,0.0,0.0,0.0,0.0,0.0,0.0,0.0,0.0,0.0,0.0,0.0,0.0,0.0,0.0,0.0,0.0,0.0,0.0,0.0,0.0,0.0,0.0,0.0,0.0,0.0,1.0,0.8028054007701326,0.778343532013714,0.7784800410269928,0.8451003871410024,0.8166759256254426,0.8118706026481814,0.7581065296660464,0.7311089981596784,0.7623417452022784,0.7275235260902289,0.7639137156070119,0.730131838296226,0.7921554618083975,0.5575204858428685,0.6977718522846951,0.6651777335064253,0.7817706122003643,0.8020208356660253,0.7462931936320482,0.7573926287429324,0.7335583593888242,0.741936958095864,0.6218446571973273,0.8192330783508015
65,0.0,0.0,0.0,0.0,0.0,0.0,0.0,0.0,0.0,0.0,0.0,0.0,0.0,0.0,0.0,0.0,0.0,0.0,0.0,0.0,0.0,0.0,0.0,0.0,0.0,0.0,0.0,0.0,0.0,0.0,0.0,0.0,0.0,0.0,0.0,0.0,0.0,0.0,0.0,0.0,0.0,0.0,0.0,0.0,0.0,0.0,0.0,0.0,0.0,0.0,0.0,0.0,0.0,0.0,0.0,0.0,0.0,0.0,0.0,0.0,0.0,0.0,0.0,0.0,0.0,1.0000000000000002,0.8196840804704649,0.782890462333337,0.8558060243205995,0.8135548217508176,0.7711180359226646,0.6769708636293302,0.716004479903879,0.595469378371291,0.7484081816711808,0.7428170469383952,0.691769952460666,0.8090217406411605,0.6055535058766335,0.6990577957466834,0.6062785325412625,0.7608103516449056,0.7583383296288255,0.7366578125309959,0.7921887694003973,0.8143412874291133,0.7382800520216234,0.584373616769755,0.8008675107793843
66,0.0,0.0,0.0,0.0,0.0,0.0,0.0,0.0,0.0,0.0,0.0,0.0,0.0,0.0,0.0,0.0,0.0,0.0,0.0,0.0,0.0,0.0,0.0,0.0,0.0,0.0,0.0,0.0,0.0,0.0,0.0,0.0,0.0,0.0,0.0,0.0,0.0,0.0,0.0,0.0,0.0,0.0,0.0,0.0,0.0,0.0,0.0,0.0,0.0,0.0,0.0,0.0,0.0,0.0,0.0,0.0,0.0,0.0,0.0,0.0,0.0,0.0,0.0,0.0,0.0,0.0,0.9999999999999999,0.7344723799507727,0.8526497759784937,0.8161990544464771,0.7462844881605945,0.7471253272117235,0.7241595791893682,0.6846282991563973,0.7888760402207438,0.6947035154343509,0.7311424050672659,0.7935312866008556,0.597144944877162,0.6411583860414184,0.6781568861093821,0.7801513096411669,0.7555634294870759,0.7253070210638828,0.8080187669124749,0.6719598077217389,0.7433586594904574,0.6263420761551157,0.7767352417572452
67,0.0,0.0,0.0,0.0,0.0,0.0,0.0,0.0,0.0,0.0,0.0,0.0,0.0,0.0,0.0,0.0,0.0,0.0,0.0,0.0,0.0,0.0,0.0,0.0,0.0,0.0,0.0,0.0,0.0,0.0,0.0,0.0,0.0,0.0,0.0,0.0,0.0,0.0,0.0,0.0,0.0,0.0,0.0,0.0,0.0,0.0,0.0,0.0,0.0,0.0,0.0,0.0,0.0,0.0,0.0,0.0,0.0,0.0,0.0,0.0,0.0,0.0,0.0,0.0,0.0,0.0,0.0,1.0000000000000002,0.8159045039424929,0.7903978217117806,0.7444755393792082,0.6787957136538841,0.7237394067118327,0.6512981107964868,0.7346792204924395,0.7874540951184872,0.6992562558444567,0.8294668499062131,0.5870374188125274,0.6174408798845965,0.6537632352771748,0.7489419314284687,0.7663566162854583,0.7232758485018704,0.6994293062667328,0.7050128542244635,0.7096442935055806,0.6078770827836372,0.7490628032051065
68,0.0,0.0,0.0,0.0,0.0,0.0,0.0,0.0,0.0,0.0,0.0,0.0,0.0,0.0,0.0,0.0,0.0,0.0,0.0,0.0,0.0,0.0,0.0,0.0,0.0,0.0,0.0,0.0,0.0,0.0,0.0,0.0,0.0,0.0,0.0,0.0,0.0,0.0,0.0,0.0,0.0,0.0,0.0,0.0,0.0,0.0,0.0,0.0,0.0,0.0,0.0,0.0,0.0,0.0,0.0,0.0,0.0,0.0,0.0,0.0,0.0,0.0,0.0,0.0,0.0,0.0,0.0,0.0,1.0,0.9196110584493746,0.816773441169479,0.8413592235128367,0.7674170105238924,0.7576621317223098,0.816069709018898,0.8138574919245511,0.8615424071436474,0.8747818074556206,0.6148019794791169,0.7401739891785752,0.740395796830769,0.8422151055541258,0.8748067303781439,0.7765444650989822,0.8629498594509738,0.7792196151386732,0.8425787589025339,0.6597065854508166,0.8855080854706998
69,0.0,0.0,0.0,0.0,0.0,0.0,0.0,0.0,0.0,0.0,0.0,0.0,0.0,0.0,0.0,0.0,0.0,0.0,0.0,0.0,0.0,0.0,0.0,0.0,0.0,0.0,0.0,0.0,0.0,0.0,0.0,0.0,0.0,0.0,0.0,0.0,0.0,0.0,0.0,0.0,0.0,0.0,0.0,0.0,0.0,0.0,0.0,0.0,0.0,0.0,0.0,0.0,0.0,0.0,0.0,0.0,0.0,0.0,0.0,0.0,0.0,0.0,0.0,0.0,0.0,0.0,0.0,0.0,0.0,0.9999999999999998,0.7413376710405002,0.7683902390447379,0.7640587682700839,0.7060151627448196,0.813047863867057,0.7887538582779001,0.7978770955601187,0.8537553608621551,0.6030140087006014,0.7342081438576097,0.6735854099104309,0.7796793426123522,0.8302986997667279,0.6780305662914111,0.8006750734986624,0.714947280920244,0.7384510376177672,0.572691667410026,0.8078632474412003
70,0.0,0.0,0.0,0.0,0.0,0.0,0.0,0.0,0.0,0.0,0.0,0.0,0.0,0.0,0.0,0.0,0.0,0.0,0.0,0.0,0.0,0.0,0.0,0.0,0.0,0.0,0.0,0.0,0.0,0.0,0.0,0.0,0.0,0.0,0.0,0.0,0.0,0.0,0.0,0.0,0.0,0.0,0.0,0.0,0.0,0.0,0.0,0.0,0.0,0.0,0.0,0.0,0.0,0.0,0.0,0.0,0.0,0.0,0.0,0.0,0.0,0.0,0.0,0.0,0.0,0.0,0.0,0.0,0.0,0.0,1.0000000000000002,0.6821865990913935,0.7402408480155601,0.6954961920292453,0.6350692201124138,0.7162121769037594,0.6685795145069141,0.7960784563886066,0.5829904784598852,0.6672759244946233,0.6896020285611963,0.7605483596192082,0.7086858362227487,0.7332987001233957,0.6961623603617237,0.6937045139440902,0.7804814022299185,0.6177336074208595,0.7829004275528362
71,0.0,0.0,0.0,0.0,0.0,0.0,0.0,0.0,0.0,0.0,0.0,0.0,0.0,0.0,0.0,0.0,0.0,0.0,0.0,0.0,0.0,0.0,0.0,0.0,0.0,0.0,0.0,0.0,0.0,0.0,0.0,0.0,0.0,0.0,0.0,0.0,0.0,0.0,0.0,0.0,0.0,0.0,0.0,0.0,0.0,0.0,0.0,0.0,0.0,0.0,0.0,0.0,0.0,0.0,0.0,0.0,0.0,0.0,0.0,0.0,0.0,0.0,0.0,0.0,0.0,0.0,0.0,0.0,0.0,0.0,0.0,0.9999999999999998,0.6594324440646242,0.7346653091867803,0.726370472867402,0.6869005364507825,0.7787161461667783,0.7193330301256639,0.5532075245682437,0.6288471133268652,0.6752551841900611,0.7875649987668484,0.8011243841328558,0.669630891884712,0.6895117591406797,0.6561109886356844,0.7193413362117829,0.55252094554931,0.7710564551176697
72,0.0,0.0,0.0,0.0,0.0,0.0,0.0,0.0,0.0,0.0,0.0,0.0,0.0,0.0,0.0,0.0,0.0,0.0,0.0,0.0,0.0,0.0,0.0,0.0,0.0,0.0,0.0,0.0,0.0,0.0,0.0,0.0,0.0,0.0,0.0,0.0,0.0,0.0,0.0,0.0,0.0,0.0,0.0,0.0,0.0,0.0,0.0,0.0,0.0,0.0,0.0,0.0,0.0,0.0,0.0,0.0,0.0,0.0,0.0,0.0,0.0,0.0,0.0,0.0,0.0,0.0,0.0,0.0,0.0,0.0,0.0,0.0,1.0000000000000002,0.5749352889082436,0.6924829359750533,0.7034175826433289,0.623920629499985,0.7544708657106306,0.6351604851844966,0.6632177877991408,0.6440560997108774,0.8003186699578458,0.7033581388739597,0.6541614335946262,0.6824494178515866,0.681136273262001,0.7634516440970281,0.6096562102790855,0.754170982338154
73,0.0,0.0,0.0,0.0,0.0,0.0,0.0,0.0,0.0,0.0,0.0,0.0,0.0,0.0,0.0,0.0,0.0,0.0,0.0,0.0,0.0,0.0,0.0,0.0,0.0,0.0,0.0,0.0,0.0,0.0,0.0,0.0,0.0,0.0,0.0,0.0,0.0,0.0,0.0,0.0,0.0,0.0,0.0,0.0,0.0,0.0,0.0,0.0,0.0,0.0,0.0,0.0,0.0,0.0,0.0,0.0,0.0,0.0,0.0,0.0,0.0,0.0,0.0,0.0,0.0,0.0,0.0,0.0,0.0,0.0,0.0,0.0,0.0,1.0000000000000002,0.6572023655295779,0.727216189185656,0.7239962288457281,0.6738890473534427,0.5424072130620873,0.6248345514110973,0.7650430683847855,0.6356358174047585,0.7676018963847241,0.6338111854550557,0.6725852201855851,0.6297031615386179,0.642416213649353,0.6692189547664048,0.710248554974874
74,0.0,0.0,0.0,0.0,0.0,0.0,0.0,0.0,0.0,0.0,0.0,0.0,0.0,0.0,0.0,0.0,0.0,0.0,0.0,0.0,0.0,0.0,0.0,0.0,0.0,0.0,0.0,0.0,0.0,0.0,0.0,0.0,0.0,0.0,0.0,0.0,0.0,0.0,0.0,0.0,0.0,0.0,0.0,0.0,0.0,0.0,0.0,0.0,0.0,0.0,0.0,0.0,0.0,0.0,0.0,0.0,0.0,0.0,0.0,0.0,0.0,0.0,0.0,0.0,0.0,0.0,0.0,0.0,0.0,0.0,0.0,0.0,0.0,0.0,1.0000000000000002,0.736323610988305,0.6566517564011655,0.7526682697802918,0.5183871087309079,0.5900325233931857,0.6053773734081868,0.7389052526289869,0.7848759726105426,0.6428542969141615,0.7756065448632251,0.6441636122160425,0.7066469743947166,0.573530146150911,0.7350553207328486
75,0.0,0.0,0.0,0.0,0.0,0.0,0.0,0.0,0.0,0.0,0.0,0.0,0.0,0.0,0.0,0.0,0.0,0.0,0.0,0.0,0.0,0.0,0.0,0.0,0.0,0.0,0.0,0.0,0.0,0.0,0.0,0.0,0.0,0.0,0.0,0.0,0.0,0.0,0.0,0.0,0.0,0.0,0.0,0.0,0.0,0.0,0.0,0.0,0.0,0.0,0.0,0.0,0.0,0.0,0.0,0.0,0.0,0.0,0.0,0.0,0.0,0.0,0.0,0.0,0.0,0.0,0.0,0.0,0.0,0.0,0.0,0.0,0.0,0.0,0.0,1.0,0.6784949541706801,0.75314819156367,0.6234725137389184,0.7024446558954596,0.7027643329306194,0.6928914428046474,0.8148471403344988,0.6671278907286959,0.7373664618172727,0.695048706338427,0.7136432707403396,0.6652207166670471,0.7616263929669156
76,0.0,0.0,0.0,0.0,0.0,0.0,0.0,0.0,0.0,0.0,0.0,0.0,0.0,0.0,0.0,0.0,0.0,0.0,0.0,0.0,0.0,0.0,0.0,0.0,0.0,0.0,0.0,0.0,0.0,0.0,0.0,0.0,0.0,0.0,0.0,0.0,0.0,0.0,0.0,0.0,0.0,0.0,0.0,0.0,0.0,0.0,0.0,0.0,0.0,0.0,0.0,0.0,0.0,0.0,0.0,0.0,0.0,0.0,0.0,0.0,0.0,0.0,0.0,0.0,0.0,0.0,0.0,0.0,0.0,0.0,0.0,0.0,0.0,0.0,0.0,0.0,1.0,0.7624013318836956,0.5193924974095941,0.6809453211080962,0.6860005807567235,0.6963432013425541,0.7476103411503726,0.669214950019178,0.6953024095289962,0.7040424308694666,0.699629158095823,0.5407344870859532,0.7691116493357287
77,0.0,0.0,0.0,0.0,0.0,0.0,0.0,0.0,0.0,0.0,0.0,0.0,0.0,0.0,0.0,0.0,0.0,0.0,0.0,0.0,0.0,0.0,0.0,0.0,0.0,0.0,0.0,0.0,0.0,0.0,0.0,0.0,0.0,0.0,0.0,0.0,0.0,0.0,0.0,0.0,0.0,0.0,0.0,0.0,0.0,0.0,0.0,0.0,0.0,0.0,0.0,0.0,0.0,0.0,0.0,0.0,0.0,0.0,0.0,0.0,0.0,0.0,0.0,0.0,0.0,0.0,0.0,0.0,0.0,0.0,0.0,0.0,0.0,0.0,0.0,0.0,0.0,1.0,0.6040941040545255,0.7280566644110575,0.6957083368427859,0.7696241267363235,0.7777323259252469,0.6901066225655493,0.7753280610866368,0.7473021634007948,0.7730365398778906,0.5895821639145951,0.7506429617577207
78,0.0,0.0,0.0,0.0,0.0,0.0,0.0,0.0,0.0,0.0,0.0,0.0,0.0,0.0,0.0,0.0,0.0,0.0,0.0,0.0,0.0,0.0,0.0,0.0,0.0,0.0,0.0,0.0,0.0,0.0,0.0,0.0,0.0,0.0,0.0,0.0,0.0,0.0,0.0,0.0,0.0,0.0,0.0,0.0,0.0,0.0,0.0,0.0,0.0,0.0,0.0,0.0,0.0,0.0,0.0,0.0,0.0,0.0,0.0,0.0,0.0,0.0,0.0,0.0,0.0,0.0,0.0,0.0,0.0,0.0,0.0,0.0,0.0,0.0,0.0,0.0,0.0,0.0,1.0000000000000002,0.5339815569902089,0.6575223868948007,0.6482181583182641,0.6051055912628689,0.6515199301224421,0.5171933233616641,0.6126686208270761,0.6450509627717459,0.5414048255571146,0.6115614066918519
79,0.0,0.0,0.0,0.0,0.0,0.0,0.0,0.0,0.0,0.0,0.0,0.0,0.0,0.0,0.0,0.0,0.0,0.0,0.0,0.0,0.0,0.0,0.0,0.0,0.0,0.0,0.0,0.0,0.0,0.0,0.0,0.0,0.0,0.0,0.0,0.0,0.0,0.0,0.0,0.0,0.0,0.0,0.0,0.0,0.0,0.0,0.0,0.0,0.0,0.0,0.0,0.0,0.0,0.0,0.0,0.0,0.0,0.0,0.0,0.0,0.0,0.0,0.0,0.0,0.0,0.0,0.0,0.0,0.0,0.0,0.0,0.0,0.0,0.0,0.0,0.0,0.0,0.0,0.0,1.0,0.6656447026642058,0.6584134158237387,0.6682581739085692,0.667725892679854,0.6472610728156778,0.6814014246705516,0.677096335870547,0.6627737158302672,0.6870149781853976
80,0.0,0.0,0.0,0.0,0.0,0.0,0.0,0.0,0.0,0.0,0.0,0.0,0.0,0.0,0.0,0.0,0.0,0.0,0.0,0.0,0.0,0.0,0.0,0.0,0.0,0.0,0.0,0.0,0.0,0.0,0.0,0.0,0.0,0.0,0.0,0.0,0.0,0.0,0.0,0.0,0.0,0.0,0.0,0.0,0.0,0.0,0.0,0.0,0.0,0.0,0.0,0.0,0.0,0.0,0.0,0.0,0.0,0.0,0.0,0.0,0.0,0.0,0.0,0.0,0.0,0.0,0.0,0.0,0.0,0.0,0.0,0.0,0.0,0.0,0.0,0.0,0.0,0.0,0.0,0.0,1.0,0.7175434403123181,0.7538282574858753,0.6799574173838597,0.6531694582172739,0.6769770069984504,0.7200909487204894,0.7016507741931699,0.740229705126236
81,0.0,0.0,0.0,0.0,0.0,0.0,0.0,0.0,0.0,0.0,0.0,0.0,0.0,0.0,0.0,0.0,0.0,0.0,0.0,0.0,0.0,0.0,0.0,0.0,0.0,0.0,0.0,0.0,0.0,0.0,0.0,0.0,0.0,0.0,0.0,0.0,0.0,0.0,0.0,0.0,0.0,0.0,0.0,0.0,0.0,0.0,0.0,0.0,0.0,0.0,0.0,0.0,0.0,0.0,0.0,0.0,0.0,0.0,0.0,0.0,0.0,0.0,0.0,0.0,0.0,0.0,0.0,0.0,0.0,0.0,0.0,0.0,0.0,0.0,0.0,0.0,0.0,0.0,0.0,0.0,0.0,1.0,0.7930855325465871,0.8022398995690975,0.7354017162044224,0.7221540750055137,0.81816482229651,0.6025978480144354,0.8343366733801144
82,0.0,0.0,0.0,0.0,0.0,0.0,0.0,0.0,0.0,0.0,0.0,0.0,0.0,0.0,0.0,0.0,0.0,0.0,0.0,0.0,0.0,0.0,0.0,0.0,0.0,0.0,0.0,0.0,0.0,0.0,0.0,0.0,0.0,0.0,0.0,0.0,0.0,0.0,0.0,0.0,0.0,0.0,0.0,0.0,0.0,0.0,0.0,0.0,0.0,0.0,0.0,0.0,0.0,0.0,0.0,0.0,0.0,0.0,0.0,0.0,0.0,0.0,0.0,0.0,0.0,0.0,0.0,0.0,0.0,0.0,0.0,0.0,0.0,0.0,0.0,0.0,0.0,0.0,0.0,0.0,0.0,0.0,0.9999999999999999,0.7441544328947424,0.7391055048542214,0.7177883700137137,0.7263839659118339,0.6437564865150667,0.8081191280501852
83,0.0,0.0,0.0,0.0,0.0,0.0,0.0,0.0,0.0,0.0,0.0,0.0,0.0,0.0,0.0,0.0,0.0,0.0,0.0,0.0,0.0,0.0,0.0,0.0,0.0,0.0,0.0,0.0,0.0,0.0,0.0,0.0,0.0,0.0,0.0,0.0,0.0,0.0,0.0,0.0,0.0,0.0,0.0,0.0,0.0,0.0,0.0,0.0,0.0,0.0,0.0,0.0,0.0,0.0,0.0,0.0,0.0,0.0,0.0,0.0,0.0,0.0,0.0,0.0,0.0,0.0,0.0,0.0,0.0,0.0,0.0,0.0,0.0,0.0,0.0,0.0,0.0,0.0,0.0,0.0,0.0,0.0,0.0,1.0000000000000002,0.687278507618086,0.7716818566913839,0.6830644403693981,0.6260961848052043,0.7745913964228126
84,0.0,0.0,0.0,0.0,0.0,0.0,0.0,0.0,0.0,0.0,0.0,0.0,0.0,0.0,0.0,0.0,0.0,0.0,0.0,0.0,0.0,0.0,0.0,0.0,0.0,0.0,0.0,0.0,0.0,0.0,0.0,0.0,0.0,0.0,0.0,0.0,0.0,0.0,0.0,0.0,0.0,0.0,0.0,0.0,0.0,0.0,0.0,0.0,0.0,0.0,0.0,0.0,0.0,0.0,0.0,0.0,0.0,0.0,0.0,0.0,0.0,0.0,0.0,0.0,0.0,0.0,0.0,0.0,0.0,0.0,0.0,0.0,0.0,0.0,0.0,0.0,0.0,0.0,0.0,0.0,0.0,0.0,0.0,0.0,0.9999999999999999,0.7490965853944117,0.766633050156386,0.5846791070376195,0.7721025074209156
85,0.0,0.0,0.0,0.0,0.0,0.0,0.0,0.0,0.0,0.0,0.0,0.0,0.0,0.0,0.0,0.0,0.0,0.0,0.0,0.0,0.0,0.0,0.0,0.0,0.0,0.0,0.0,0.0,0.0,0.0,0.0,0.0,0.0,0.0,0.0,0.0,0.0,0.0,0.0,0.0,0.0,0.0,0.0,0.0,0.0,0.0,0.0,0.0,0.0,0.0,0.0,0.0,0.0,0.0,0.0,0.0,0.0,0.0,0.0,0.0,0.0,0.0,0.0,0.0,0.0,0.0,0.0,0.0,0.0,0.0,0.0,0.0,0.0,0.0,0.0,0.0,0.0,0.0,0.0,0.0,0.0,0.0,0.0,0.0,0.0,1.0000000000000004,0.6878816286134812,0.5698464459648529,0.77018727203986
86,0.0,0.0,0.0,0.0,0.0,0.0,0.0,0.0,0.0,0.0,0.0,0.0,0.0,0.0,0.0,0.0,0.0,0.0,0.0,0.0,0.0,0.0,0.0,0.0,0.0,0.0,0.0,0.0,0.0,0.0,0.0,0.0,0.0,0.0,0.0,0.0,0.0,0.0,0.0,0.0,0.0,0.0,0.0,0.0,0.0,0.0,0.0,0.0,0.0,0.0,0.0,0.0,0.0,0.0,0.0,0.0,0.0,0.0,0.0,0.0,0.0,0.0,0.0,0.0,0.0,0.0,0.0,0.0,0.0,0.0,0.0,0.0,0.0,0.0,0.0,0.0,0.0,0.0,0.0,0.0,0.0,0.0,0.0,0.0,0.0,0.0,1.0,0.6586647305895093,0.8381941534644862
87,0.0,0.0,0.0,0.0,0.0,0.0,0.0,0.0,0.0,0.0,0.0,0.0,0.0,0.0,0.0,0.0,0.0,0.0,0.0,0.0,0.0,0.0,0.0,0.0,0.0,0.0,0.0,0.0,0.0,0.0,0.0,0.0,0.0,0.0,0.0,0.0,0.0,0.0,0.0,0.0,0.0,0.0,0.0,0.0,0.0,0.0,0.0,0.0,0.0,0.0,0.0,0.0,0.0,0.0,0.0,0.0,0.0,0.0,0.0,0.0,0.0,0.0,0.0,0.0,0.0,0.0,0.0,0.0,0.0,0.0,0.0,0.0,0.0,0.0,0.0,0.0,0.0,0.0,0.0,0.0,0.0,0.0,0.0,0.0,0.0,0.0,0.0,1.0,0.6425969327649448
88,0.0,0.0,0.0,0.0,0.0,0.0,0.0,0.0,0.0,0.0,0.0,0.0,0.0,0.0,0.0,0.0,0.0,0.0,0.0,0.0,0.0,0.0,0.0,0.0,0.0,0.0,0.0,0.0,0.0,0.0,0.0,0.0,0.0,0.0,0.0,0.0,0.0,0.0,0.0,0.0,0.0,0.0,0.0,0.0,0.0,0.0,0.0,0.0,0.0,0.0,0.0,0.0,0.0,0.0,0.0,0.0,0.0,0.0,0.0,0.0,0.0,0.0,0.0,0.0,0.0,0.0,0.0,0.0,0.0,0.0,0.0,0.0,0.0,0.0,0.0,0.0,0.0,0.0,0.0,0.0,0.0,0.0,0.0,0.0,0.0,0.0,0.0,0.0,1.0
